sequence_ID,Frame,FPS,browDownLeft,browDownRight,browInnerUp,browOuterUpLeft,browOuterUpRight,cheekPuff,cheekSquintLeft,cheekSquintRight,eyeBlinkLeft,eyeBlinkRight,eyeLookDownLeft,eyeLookDownRight,eyeLookInLeft,eyeLookInRight,eyeLookOutLeft,eyeLookOutRight,eyeLookUpLeft,eyeLookUpRight,eyeSquintLeft,eyeSquintRight,eyeWideLeft,eyeWideRight,jawForward,jawLeft,jawOpen,jawRight,mediapipeResult,mouthClose,mouthDimpleLeft,mouthDimpleRight,mouthFrownLeft,mouthFrownRight,mouthFunnel,mouthLeft,mouthLowerDownLeft,mouthLowerDownRight,mouthPressLeft,mouthPressRight,mouthPucker,mouthRight,mouthRollLower,mouthRollUpper,mouthShrugLower,mouthShrugUpper,mouthSmileLeft,mouthSmileRight,mouthStretchLeft,mouthStretchRight,mouthUpperUpLeft,mouthUpperUpRight,noseSneerLeft,noseSneerRight
1,Frame_1,24.732069249794606,0.025453,0.025031,0.110387,0.058801,0.035471,5e-5,0,0,0.396295,0.388824,0.534232,0.5111,0.079862,0.081645,0.088954,0.084951,0.02332,0.016876,0.513224,0.350824,0.001928,0.001106,1.47e-4,0.001738,0.437986,1.79e-4,24731,0.418515,1.03e-4,4.5e-4,0.005466,0.004721,0.001942,0.001148,0.002666,0.001275,0.001015,0.003638,0.016876,3.68e-4,8.08e-4,0.003275,0.001214,0.005882,0.001251,0.002075,0.012379,0.02291,0.002845,0.004195,0,1e-6
1,Frame_2,24.732069249794606,0.006094,0.006794,0.173426,0.154256,0.069814,7.6e-5,1e-6,0,0.662763,0.57554399999999994,0.702863,0.692614,0.112804,0.06992,0.049407,0.103661,0.008549,0.007218,0.548335,0.411694,5.46e-4,3.5e-4,2.2e-4,0.001235,0.356821,3.15e-4,24732,0.294576,2.46e-4,7.45e-4,0.004247,0.003496,0.003709,0.001436,0.004102,0.002374,0.002187,0.006495,0.011449,2.64e-4,0.001344,0.003709,0.001671,0.010876,0.006512,0.011373,0.018011,0.027048,0.012577,0.016282,0,1e-6
1,Frame_3,24.732069249794606,0.003059,0.003004,0.235859,0.218591,0.096492,8.8e-5,1e-6,0,0.653592,0.596463,0.727663,0.714757,0.09743,0.106268,0.071025,0.057117,0.007981,0.005783,0.562591,0.415627,5.72e-4,3.33e-4,2.66e-4,9.31e-4,0.316158,5.07e-4,24733,0.218996,1.98e-4,0.001122,0.006758,0.005285,0.004268,0.0012,0.005292,0.003063,0.002123,0.010232,0.009239,2.8e-4,0.00179,0.003734,0.002537,0.0152,0.011089,0.023599,0.026315,0.047138,0.023134,0.038791,1e-6,1e-6
1,Frame_4,24.732069249794606,0.003086,0.002884,0.228605,0.222749,0.095311,7e-5,1e-6,0,0.609583,0.583962,0.702368,0.695312,0.074256,0.146691,0.110599,0.033928,0.0096,0.006615,0.521937,0.413969,7.06e-4,3.67e-4,2.28e-4,7.62e-4,0.322361,6.76e-4,24734,0.222026,1.01e-4,0.001157,0.011704,0.009081,0.004304,9.59e-4,0.005161,0.002292,0.001131,0.009533,0.011944,3.35e-4,0.001591,0.003338,0.002613,0.015964,0.006567,0.017847,0.029321,0.067748,0.017328,0.03925,1e-6,1e-6
1,Frame_5,24.732069249794606,0.003927,0.003688,0.198154,0.194664,0.085858,6.9e-5,1e-6,0,0.575125,0.560196,0.694816,0.684924,0.071307,0.139312,0.110543,0.036572,0.010382,0.006732,0.545776,0.394167,8.17e-4,4.17e-4,2.06e-4,8.36e-4,0.319646,5.72e-4,24735,0.232215,8.7e-5,0.001094,0.01627,0.013028,0.003499,9.32e-4,0.004382,0.001833,9.58e-4,0.008784,0.011497,3.14e-4,0.001758,0.003338,0.003224,0.018329,0.00519,0.01485,0.027052,0.073068,0.016253,0.03907,1e-6,1e-6
1,Frame_6,24.732069249794606,0.005801,0.005581,0.151846,0.174472,0.07478,6.7e-5,1e-6,0,0.547704,0.538333,0.675382,0.671233,0.061415,0.156953,0.133752,0.03258,0.01224,0.008252,0.570898,0.409633,9.56e-4,5.04e-4,1.88e-4,0.001058,0.397543,3.82e-4,24736,0.328421,7.1e-5,9.62e-4,0.020642,0.016104,0.002743,0.001015,0.003927,0.001553,6.78e-4,0.006183,0.013156,2.6e-4,0.00137,0.002757,0.002756,0.01477,0.004498,0.012469,0.032394,0.077428,0.012519,0.030887,0,1e-6
1,Frame_7,24.732069249794606,0.004198,0.004141,0.207,0.192678,0.079247,8.5e-5,1e-6,0,0.510785,0.48826,0.663756,0.653628,0.056675,0.145425,0.127984,0.036934,0.012714,0.008665,0.540438,0.400236,0.001062,6.2e-4,2.74e-4,0.001343,0.41827,3.83e-4,24737,0.312799,1e-4,0.001085,0.016653,0.013335,0.003098,0.001096,0.006447,0.002823,0.001048,0.007964,0.007707,1.81e-4,0.001357,0.003748,0.00211,0.010299,0.006452,0.01591,0.03709,0.081952,0.016989,0.034551,0,1e-6
1,Frame_8,24.732069249794606,0.005585,0.005436,0.198462,0.158296,0.070047,8.4e-5,1e-6,0,0.500823,0.495715,0.675257,0.659369,0.051612,0.146235,0.130727,0.037973,0.012502,0.007832,0.560776,0.403744,0.001123,5.64e-4,2.9e-4,0.001383,0.395726,4.16e-4,24738,0.259376,9.3e-5,0.001043,0.01576,0.013054,0.003611,8.3e-4,0.006124,0.002809,0.001031,0.007299,0.008046,2.27e-4,0.001266,0.004049,0.001818,0.009183,0.005805,0.014689,0.037928,0.101802,0.014421,0.031304,1e-6,1e-6
1,Frame_9,24.732069249794606,0.005736,0.005575,0.206839,0.157548,0.070697,8.2e-5,1e-6,0,0.515405,0.494034,0.679481,0.664002,0.05549,0.133316,0.116662,0.045172,0.012064,0.007631,0.555403,0.407658,0.001074,5.59e-4,2.87e-4,0.001471,0.37955,4.17e-4,24739,0.244079,8.4e-5,0.001007,0.01634,0.01368,0.003853,7.25e-4,0.005779,0.002563,9.44e-4,0.006805,0.008771,2.67e-4,0.001238,0.004139,0.001785,0.009565,0.005053,0.012953,0.03688,0.104644,0.012897,0.028332,1e-6,1e-6
1,Frame_10,24.732069249794606,0.006483,0.006009,0.203569,0.146006,0.070752,7.4e-5,1e-6,0,0.522509,0.480589,0.676152,0.663437,0.060064,0.122906,0.104087,0.052012,0.011974,0.007838,0.549295,0.396656,0.001044,6.17e-4,2.75e-4,0.001635,0.363285,3.79e-4,24740,0.238627,7.2e-5,8.67e-4,0.016838,0.014596,0.004291,8.07e-4,0.005335,0.002231,7.72e-4,0.005967,0.011415,2.58e-4,0.001244,0.004057,0.001779,0.010427,0.003895,0.010113,0.033414,0.108898,0.011474,0.02477,1e-6,1e-6
1,Frame_11,24.732069249794606,0.006965,0.006798,0.200004,0.136748,0.067082,7.1e-5,1e-6,0,0.52826,0.489313,0.674976,0.660779,0.053979,0.131121,0.115522,0.048618,0.012179,0.008005,0.553791,0.395298,0.001016,6.13e-4,2.73e-4,0.001807,0.35071600000000003,3.41e-4,24741,0.230289,7.4e-5,7.47e-4,0.016026,0.014312,0.004988,9.59e-4,0.004815,0.002011,6.93e-4,0.004873,0.014498,2.31e-4,0.00118,0.004017,0.001598,0.010794,0.003594,0.008985,0.03348,0.114514,0.010228,0.021972,1e-6,1e-6
1,Frame_12,24.732069249794606,0.006558,0.007491,0.184242,0.142548,0.067344,6.7e-5,1e-6,0,0.506479,0.484297,0.650997,0.635737,0.038002,0.168698,0.155858,0.035892,0.014121,0.00897,0.545025,0.395873,0.001119,6.5e-4,2.6e-4,0.002118,0.340378,2.78e-4,24742,0.229528,7e-5,6.4e-4,0.020185,0.018615,0.004451,0.001176,0.004167,0.001784,6.15e-4,0.004261,0.014819,1.81e-4,0.001289,0.004358,0.001727,0.010992,0.002863,0.006969,0.032851,0.12526,0.009167,0.021012,1e-6,1e-6
1,Frame_13,24.732069249794606,0.007713,0.007974,0.183552,0.132623,0.064209,6.2e-5,1e-6,0,0.501843,0.488562,0.64287,0.630169,0.032518,0.188661,0.17647,0.033508,0.014929,0.009529,0.532724,0.399952,0.001152,6.61e-4,2.49e-4,0.001817,0.36871,3.03e-4,24743,0.270055,6.1e-5,7.15e-4,0.017143,0.015698,0.004106,8.71e-4,0.004194,0.001645,4.89e-4,0.00384,0.017934,2.61e-4,0.001143,0.003933,0.001429,0.00871,0.002405,0.006204,0.028372,0.114859,0.006274,0.015462,1e-6,1e-6
1,Frame_14,24.732069249794606,0.009509,0.009551,0.165201,0.120569,0.055318,5.5e-5,1e-6,0,0.48009,0.473188,0.61014,0.596003,0.02674,0.218174,0.209753,0.029648,0.018108,0.01174,0.537635,0.399196,0.001275,7.42e-4,1.91e-4,0.001646,0.407698,2.62e-4,24744,0.33955,4.6e-5,8.13e-4,0.024568,0.021906,0.002582,7.22e-4,0.0034,0.001196,3.55e-4,0.003583,0.020337,3.29e-4,0.00119,0.003359,0.001964,0.009044,0.001301,0.003537,0.023114,0.09238,0.004873,0.013089,0,1e-6
1,Frame_15,24.732069249794606,0.009593,0.011127,0.16435,0.117552,0.045955,5.7e-5,1e-6,0,0.471418,0.472353,0.607012,0.590718,0.024572,0.225988,0.217258,0.028996,0.018577,0.011732,0.522212,0.383382,0.001341,7.53e-4,2.09e-4,0.00191,0.409075,2.36e-4,24745,0.331093,4.4e-5,8.71e-4,0.020763,0.019262,0.002701,7.65e-4,0.004007,0.001258,3.22e-4,0.003883,0.020424,3.06e-4,0.001179,0.003319,0.001845,0.008585,0.001431,0.004076,0.019976,0.098625,0.005485,0.013654,0,1e-6
1,Frame_16,24.732069249794606,0.011106,0.011892,0.146115,0.098166,0.039888,6.2e-5,1e-6,0,0.478129,0.455171,0.603612,0.585426,0.025366,0.230434,0.226111,0.022786,0.017024,0.011534,0.530923,0.38492,0.001138,7.36e-4,2.16e-4,0.002781,0.38988,1.67e-4,24746,0.303043,6.7e-5,0.001154,0.015007,0.013889,0.002552,9.2e-4,0.005324,0.001782,5.66e-4,0.006446,0.011096,2.12e-4,0.00141,0.003859,0.002029,0.008792,0.001997,0.005455,0.015092,0.058627,0.007663,0.016451,0,1e-6
1,Frame_17,24.732069249794606,0.012182,0.013792,0.131888,0.102244,0.038516,5.9e-5,1e-6,0,0.465707,0.44685,0.58932,0.568468,0.02408,0.230363,0.227111,0.024898,0.01881,0.012793,0.537037,0.399795,0.00125,7.52e-4,1.84e-4,0.002614,0.403149,1.44e-4,24747,0.34188,5.6e-5,0.00125,0.014713,0.013003,0.001902,7.62e-4,0.00434,0.001357,5.05e-4,0.006321,0.012657,2.93e-4,0.00137,0.003637,0.002149,0.008399,0.001601,0.004592,0.014634,0.05186,0.005567,0.01352,0,1e-6
1,Frame_18,24.732069249794606,0.012436,0.014582,0.118655,0.112431,0.042097999999999997,5.9e-5,1e-6,0,0.477425,0.437481,0.603104,0.580695,0.026992,0.207032,0.200206,0.029138,0.017144,0.01202,0.534654,0.405312,0.001188,7.47e-4,1.62e-4,0.002666,0.389788,1.38e-4,24748,0.335431,5.9e-5,0.001141,0.014121,0.013131,0.001942,0.001055,0.003886,0.00115,5.04e-4,0.006628,0.014026,2.28e-4,0.00154,0.003604,0.002646,0.010562,0.001429,0.004123,0.012203,0.049143,0.006329,0.014208,0,1e-6
1,Frame_19,24.732069249794606,0.010607,0.013516,0.123775,0.13137,0.045989,5e-5,1e-6,0,0.508662,0.445443,0.607577,0.585323,0.031703,0.185379,0.17688,0.032575,0.015767,0.011438,0.493968,0.402106,0.001055,6.86e-4,1.39e-4,0.002207,0.351971,1.51e-4,24749,0.312102,4.8e-5,0.001202,0.013567,0.012471,0.001962,9.45e-4,0.003138,8.38e-4,4.45e-4,0.007096,0.018592,3.07e-4,0.001693,0.003453,0.002864,0.011755,0.001229,0.003904,0.011906,0.052023,0.004552,0.011705,0,1e-6
1,Frame_20,24.732069249794606,0.013558,0.014688,0.120845,0.104328,0.045092,4.5e-5,1e-6,0,0.510996,0.441224,0.60021,0.574257,0.042043,0.149816,0.141656,0.040471,0.016196,0.012227,0.516877,0.415235,0.001061,6.59e-4,1.11e-4,0.00257,0.345941,1.23e-4,24750,0.328396,4.7e-5,0.00133,0.011722,0.010421,0.001671,0.001296,0.00246,6.36e-4,4.44e-4,0.00844,0.020307,2.64e-4,0.001791,0.00344,0.003072,0.012188,9.53e-4,0.003226,0.00958,0.036929,0.002912,0.008072,0,1e-6
1,Frame_21,24.732069249794606,0.014229,0.017214,0.111508,0.109065,0.043303,4.7e-5,1e-6,0,0.509393,0.47504,0.596358,0.564615,0.042458,0.148392,0.142351,0.045091,0.018575,0.01314,0.541989,0.411352,0.001195,5.79e-4,1.01e-4,0.002706,0.379959,1.19e-4,24751,0.363898,3.8e-5,0.001497,0.014127,0.012005,0.001369,0.001024,0.002477,5.7e-4,3.77e-4,0.00777,0.022993,3.66e-4,0.001653,0.003099,0.00319,0.010613,6.72e-4,0.002183,0.009223,0.030174,0.002223,0.006065,0,1e-6
1,Frame_22,24.732069249794606,0.016263,0.019868,0.094283,0.101487,0.043328,4.5e-5,0,0,0.496804,0.474407,0.589693,0.5528,0.046877,0.14028,0.133976,0.047587,0.01986,0.014058,0.575209,0.427783,0.001276,5.5e-4,9.2e-5,0.003152,0.393904,8.8e-5,24752,0.374239,5.2e-5,0.001361,0.011503,0.009997,0.001091,0.001266,0.002051,4.98e-4,5.25e-4,0.007953,0.019042,2.99e-4,0.001618,0.003255,0.003552,0.008419,6.99e-4,0.0019,0.010001,0.030065,0.001982,0.004596,0,1e-6
1,Frame_23,24.732069249794606,0.018542,0.019121,0.11508,0.083761,0.040762,4e-5,1e-6,0,0.524737,0.452963,0.57967,0.548532,0.052968,0.13273,0.123851,0.051469,0.018998,0.015482,0.554342,0.453651,0.001082,6.32e-4,8.5e-5,0.003264,0.401116,7.2e-5,24753,0.383534,5.6e-5,0.001505,0.012014,0.009936,0.001218,0.001112,0.001863,4.28e-4,4.84e-4,0.006816,0.024455,3.83e-4,0.001506,0.002399,0.003743,0.008636,8.02e-4,0.002019,0.012092,0.024266,0.002112,0.004414,0,1e-6
1,Frame_24,24.732069249794606,0.021641,0.022862,0.095049,0.080755,0.038913,3.7e-5,0,0,0.531905,0.473891,0.590426,0.562205,0.047453,0.13809,0.132681,0.047053,0.017696,0.014367,0.55166,0.472092,0.00103,5.31e-4,7.5e-5,0.002635,0.373281,8.7e-5,24754,0.361424,4.7e-5,0.001933,0.011991,0.010018,9.93e-4,9.91e-4,0.001776,3.56e-4,4.85e-4,0.009761,0.02072,4.15e-4,0.001862,0.002788,0.004393,0.008583,7.01e-4,0.002108,0.01045,0.026628,0.001635,0.003952,0,1e-6
1,Frame_25,24.732069249794606,0.022082,0.021225,0.102895,0.084795,0.043733,4.4e-5,0,0,0.511148,0.462164,0.548192,0.527328,0.039163,0.161147,0.155678,0.039286,0.020718,0.017244,0.517454,0.480608,0.001126,6.13e-4,1.26e-4,0.002517,0.387247,1.12e-4,24755,0.359164,3.4e-5,0.001664,0.010362,0.008371,0.001834,7.66e-4,0.003482,7.19e-4,3.29e-4,0.007062,0.028876,4.79e-4,0.00113,0.002787,0.001484,0.006104,7.33e-4,0.002279,0.014298,0.033853,0.001761,0.004408,0,1e-6
1,Frame_26,24.732069249794606,0.017511,0.016974,0.118648,0.088334,0.045331,4.7e-5,0,0,0.486794,0.441173,0.516179,0.490791,0.030958,0.204393,0.199835,0.028733,0.024226,0.019839,0.51707,0.484961,0.001193,6.94e-4,1.39e-4,0.002388,0.410232,1.13e-4,24756,0.378936,4.6e-5,0.001752,0.008864,0.007148,0.001497,6.13e-4,0.00365,8.64e-4,4.45e-4,0.007384,0.019926,5.67e-4,0.001059,0.003021,0.001294,0.004949,0.001013,0.002917,0.014976,0.034192,0.001532,0.003703,0,1e-6
1,Frame_27,24.732069249794606,0.022993,0.018274,0.111021,0.072742,0.044881,5e-5,0,0,0.47796,0.430836,0.509873,0.489153,0.028847,0.216861,0.213042,0.025588,0.02435,0.020075,0.505799,0.478412,0.00119,7.5e-4,1.65e-4,0.002673,0.42614,1.24e-4,24757,0.378887,4.2e-5,0.001871,0.007226,0.005796,0.001769,5.21e-4,0.004817,0.001136,4.19e-4,0.007826,0.01778,5.76e-4,9.24e-4,0.003429,9.01e-4,0.003978,0.001159,0.003568,0.015218,0.03702,0.001362,0.003249,0,1e-6
1,Frame_28,24.732069249794606,0.021078,0.01828,0.101829,0.082297,0.042424,5.8e-5,0,0,0.487181,0.435217,0.526361,0.506138,0.026236,0.221216,0.218646,0.025447,0.023138,0.017926,0.521251,0.467316,0.001179,7.08e-4,1.94e-4,0.002901,0.43164400000000003,1.32e-4,24758,0.372101,4.5e-5,0.002565,0.00731,0.005737,0.001589,3.61e-4,0.006614,0.001545,4.97e-4,0.010357,0.011916,7.24e-4,0.001039,0.004131,8.54e-4,0.003297,0.001309,0.004196,0.014667,0.034526,0.001435,0.003337,0,1e-6
1,Frame_29,24.732069249794606,0.029088,0.022771,0.090018,0.061245,0.035568,6.6e-5,0,0,0.511415,0.431965,0.530994,0.516517,0.028013,0.209647,0.208284,0.025048,0.021209,0.017413,0.513105,0.480502,9.53e-4,7.31e-4,2.66e-4,0.003417,0.419547,1.09e-4,24759,0.336245,7.7e-5,0.002695,0.002532,0.00195,0.003033,4.31e-4,0.00873,0.002467,6.69e-4,0.009444,0.01138,5.88e-4,6.82e-4,0.004213,4.06e-4,0.0028,0.003731,0.01144,0.017332,0.03078,0.00251,0.005084,0,1e-6
1,Frame_30,24.732069249794606,0.02894,0.023048,0.085009,0.061371,0.034559,8e-5,0,0,0.490462,0.441835,0.530256,0.50879,0.031459,0.190591,0.185846,0.027072,0.021563,0.01694,0.511301,0.460409,9.67e-4,6.65e-4,3.86e-4,0.00638,0.393961,7.2e-5,24760,0.24983,1.05e-4,0.003432,0.001967,0.001464,0.005677,5.64e-4,0.012664,0.004502,8.43e-4,0.010667,0.011007,3.29e-4,6.42e-4,0.00395,2.94e-4,0.002162,0.006838,0.019995,0.020897,0.029949,0.003615,0.007528,0,1e-6
2,Frame_1,51.99999999998818,0.008239,0.003555,0.205298,0.145152,0.010931,4.78e-4,0,0,0.133603,0.36794,0.035648,0.137897,0.411563,0.056389,0.012234,0.223438,0.292527,0.075984,0.711163,0.316143,0.012992,5.44e-4,0.003916,0.012232,0.010516,3.2e-5,18886,3.12e-4,0.002591,0.016944,0.013707,0.008522,0.003231,1.54e-4,0.103527,0.09135,0.026169,0.068883,3.47e-4,1.89e-4,0.004293,0.016458,0.00302,0.02054,0.256515,0.386384,0.065221,0.167253,0.052813,0.112564,3e-6,2e-6
2,Frame_2,51.99999999998818,0.007074,0.003221,0.212971,0.163264,0.011423,2.58e-4,0,0,0.116656,0.3831,0.030594,0.130533,0.444503,0.03493,0.01137,0.279492,0.306152,0.082755,0.717996,0.313458,0.012474,5.04e-4,0.00208,0.007321,0.009034,3.5e-5,18887,3.37e-4,0.002121,0.011538,0.009733,0.006052,0.003917,1.72e-4,0.031018,0.026466,0.021798,0.054134,6.52e-4,2.32e-4,0.002804,0.008165,0.002621,0.022333,0.238869,0.374378,0.064381,0.148657,0.020245,0.045388,2e-6,1e-6
2,Frame_3,51.99999999998818,0.006253,0.003252,0.209462,0.211332,0.012138,6.2e-5,0,0,0.102392,0.40858,0.026455,0.13093,0.40806,0.02705,0.015001,0.300373,0.335605,0.092954,0.734383,0.305631,0.013043,4.56e-4,5.96e-4,0.001668,0.0018600000000000001,2.5e-5,18888,2.07e-4,7.6e-4,0.006544,0.011374,0.006905,0.00205,1.01e-4,0.002303,0.00158,0.013746,0.035745,0.003088,8.75e-4,0.002164,0.001575,0.004968,0.015783,0.176572,0.314664,0.093338,0.150265,0.001254,0.00304,2e-6,0
2,Frame_4,51.99999999998818,0.005776,0.003066,0.207546,0.23351,0.012566,3e-5,0,0,0.093853,0.412747,0.024302,0.137368,0.42729,0.023202,0.014138,0.319486,0.363612,0.094852,0.741478,0.298039,0.013954,4.63e-4,2.9e-4,0.001024,0.001081,2.9e-5,18889,1.85e-4,7.31e-4,0.006233,0.011439,0.007047,0.001454,8.8e-5,6.25e-4,3.8e-4,0.015026,0.047766,0.005226,0.001478,0.002158,9.01e-4,0.010598,0.014929,0.123218,0.24827,0.109361,0.160424,3.23e-4,8.02e-4,1e-6,0
2,Frame_5,51.99999999998818,0.005341,0.002918,0.214691,0.257103,0.015185,2.2e-5,0,0,0.0931,0.38019,0.022215,0.153655,0.446314,0.016588,0.012928,0.365578,0.377912,0.084594,0.750975,0.27699,0.013838,5.41e-4,2.14e-4,7.91e-4,7.68e-4,2.6e-5,18890,1.43e-4,8.52e-4,0.008027,0.019952,0.012618,0.001023,7.5e-5,3.32e-4,1.94e-4,0.017487,0.058129,0.005102,0.001787,0.002543,7.41e-4,0.019345,0.015549,0.081057,0.161474,0.138739,0.181675,2.06e-4,4.95e-4,1e-6,0
2,Frame_6,51.99999999998818,0.004996,0.002879,0.218726,0.274002,0.017137,1.7e-5,0,0,0.093396,0.359601,0.019814,0.174275,0.397914,0.019627,0.015569,0.321982,0.404764,0.076623,0.75838,0.260741,0.014031,5.96e-4,1.59e-4,6.54e-4,6.43e-4,2.5e-5,18891,1.34e-4,8.43e-4,0.008541,0.031962,0.020259,7.32e-4,6.2e-5,1.98e-4,1.14e-4,0.018935,0.060564,0.00512,0.002169,0.003115,6.9e-4,0.030793,0.013088,0.062586,0.121414,0.146088,0.170652,1.21e-4,2.76e-4,1e-6,0
2,Frame_7,51.99999999998818,0.005976,0.002771,0.188306,0.259305,0.016873,1.4e-5,0,0,0.090429,0.333763,0.022227,0.157478,0.446872,0.013333,0.013266,0.401479,0.377176,0.084808,0.757482,0.291831,0.014356,6.6e-4,1.26e-4,6.17e-4,6.52e-4,2.8e-5,18892,1.37e-4,5.93e-4,0.00851,0.031449,0.019356,6.36e-4,5.3e-5,1.75e-4,8.5e-5,0.013544,0.063251,0.004408,0.002853,0.002717,7.14e-4,0.036951,0.016695,0.038368,0.088362,0.101641,0.126903,1.56e-4,4.01e-4,1e-6,0
2,Frame_8,51.99999999998818,0.006368,0.002889,0.184194,0.240345,0.01634,3.3e-5,0,0,0.095635,0.339756,0.024813,0.136611,0.442219,0.014329,0.013508,0.392141,0.346705,0.092144,0.759525,0.315609,0.013308,6.28e-4,3.5e-4,8.21e-4,0.001105,3.1e-5,18893,1.6e-4,7.15e-4,0.008473,0.029727,0.019418,0.001053,4.4e-5,7.12e-4,4.34e-4,0.014636,0.051604,0.002567,0.00209,0.002777,0.001556,0.011345,0.015575,0.059969,0.125676,0.162624,0.284198,4.79e-4,0.00119,2e-6,0
2,Frame_9,51.99999999998818,0.010923,0.005002,0.105348,0.209103,0.014129,7.4e-5,0,0,0.123807,0.412981,0.040767,0.153114,0.454639,0.010944,0.013312,0.440984,0.259595,0.069391,0.756948,0.353594,0.010176,3.89e-4,8.83e-4,0.00249,0.002302,2.2e-5,18894,1.77e-4,6.42e-4,0.013879,0.024304,0.014224,0.002362,4.4e-5,0.005741,0.003655,0.010997,0.053986,0.002683,0.001334,0.002191,0.001603,0.003862,0.017158,0.057074,0.137712,0.132902,0.242006,0.001827,0.005563,2e-6,1e-6
2,Frame_10,51.99999999998818,0.009697,0.004581,0.11047,0.221029,0.0147,8.4e-5,0,0,0.153069,0.482164,0.049396,0.177538,0.443066,0.014267,0.012858,0.389892,0.23146,0.055405,0.761934,0.3643,0.008167,2.47e-4,0.001003,0.002753,0.002556,2.3e-5,18895,1.6e-4,7.87e-4,0.01484,0.020684,0.012559,0.002393,5.4e-5,0.008219,0.005208,0.013161,0.061134,0.002068,9.32e-4,0.002108,0.001955,0.003287,0.015749,0.059914,0.133694,0.120069,0.237775,0.002126,0.00602,2e-6,1e-6
2,Frame_11,51.99999999998818,0.015666,0.008005,0.069411,0.201234,0.012164,6.2e-5,0,0,0.187395,0.542028,0.076297,0.274169,0.445724,0.010741,0.013379,0.432183,0.175401,0.030638,0.753816,0.366399,0.006847,1.83e-4,8.22e-4,0.001883,0.0013,1.5e-5,18896,1.02e-4,6.22e-4,0.01585,0.023066,0.013448,0.00237,4.7e-5,0.004989,0.003477,0.009987,0.044597,0.003708,0.001427,0.001451,9.22e-4,0.003485,0.016086,0.059473,0.132252,0.105477,0.153974,0.002308,0.006553,2e-6,1e-6
2,Frame_12,51.99999999998818,0.016942,0.008373,0.060724,0.19989,0.011596,6.4e-5,0,0,0.184417,0.54702,0.089504,0.294549,0.464523,0.008753,0.012663,0.475512,0.151647,0.0274,0.755105,0.349845,0.007051,1.81e-4,8.03e-4,0.00183,0.001192,1.3e-5,18897,9.3e-5,7.22e-4,0.014113,0.036857,0.022598,0.001901,4.5e-5,0.004156,0.003272,0.011636,0.038363,0.003042,0.001355,0.001646,9.97e-4,0.00426,0.016731,0.052233,0.098121,0.112831,0.14701,0.002913,0.006925,3e-6,1e-6
2,Frame_13,51.99999999998818,0.024132,0.012915,0.047955,0.160315,0.009258,4.5e-5,0,0,0.232908,0.6048,0.149796,0.464013,0.399716,0.01227,0.01544,0.397545,0.106203,0.012023,0.764884,0.353137,0.005781,1.29e-4,5.88e-4,0.001918,7.48e-4,8e-6,18898,7.1e-5,8.34e-4,0.010058,0.024247,0.015962,0.00169,1.08e-4,0.001935,0.001734,0.016568,0.041879,0.003727,6.4e-4,0.001433,7.93e-4,0.005545,0.014125,0.061439,0.093454,0.100816,0.120703,0.001656,0.003213,2e-6,1e-6
3,Frame_1,25.27472527472458,0.430635,0.378357,0.002193,0.001457,0.001355,2.3e-5,0,0,0.173387,0.161389,0.15097,0.189884,0.051763000000000003,0.083944,0.105951,0.071394,0.072686,0.053008,0.546092,0.323908,0.003578,0.002761,1.3e-5,0.001061,0.107149,1.03e-4,5096,0.08327,0.005739,0.006351,0.001546,0.00271,8.4e-5,2.21e-4,1.11e-4,4.6e-5,0.058829,0.080571,7.06e-4,0.005058,0.1333,0.078102,0.468538,0.036099,9.78e-4,0.001209,9.11e-4,0.008323,4.13e-4,6.3e-4,0,1e-6
3,Frame_2,25.27472527472458,0.418955,0.36157,0.002269,0.001486,0.001558,2.4e-5,0,0,0.165157,0.159332,0.153353,0.191411,0.053473,0.082262,0.10263,0.071805,0.07127,0.052109,0.538199,0.325121,0.00376,0.00287,1.3e-5,0.001141,0.118359,1.02e-4,5097,0.08916,0.005883,0.004681,0.001856,0.003491,8.3e-5,2.23e-4,1.2e-4,5.4e-5,0.059296,0.067446999999999993,7.87e-4,0.004627,0.156673,0.084172,0.486822,0.037639,7.74e-4,8.69e-4,8.89e-4,0.009688,4.55e-4,6.07e-4,0,1e-6
3,Frame_3,25.27472527472458,0.41178,0.34419,0.002496,0.001513,0.001762,2.6e-5,0,0,0.158086,0.155054,0.152647,0.192848,0.056378,0.078427,0.100382,0.07635,0.072228,0.052634,0.543022,0.330828,0.004032,0.003044,1.4e-5,0.001215,0.152699,1.07e-4,5098,0.125859,0.007301,0.004085,0.001596,0.003157,9.4e-5,2.56e-4,1.3e-4,6.4e-5,0.062093,0.055465,9.17e-4,0.004152,0.13913,0.077168,0.456031,0.036459,7.45e-4,7.69e-4,7.52e-4,0.008854,6.05e-4,6.98e-4,0,1e-6
3,Frame_4,25.27472527472458,0.387471,0.320949,0.00301,0.001866,0.002182,2.4e-5,1e-6,0,0.145877,0.158071,0.161591,0.209043,0.058531,0.074163,0.098973,0.083302,0.06981,0.049609,0.559953,0.325067,0.004685,0.003371,9e-6,0.001669,0.259878,1.33e-4,5099,0.220824,0.004625,0.003193,0.001407,0.002532,1.07e-4,3.43e-4,1.17e-4,4.6e-5,0.032438,0.028574,0.002054,0.004041,0.156653,0.097212,0.598335,0.057634,2.61e-4,2.2e-4,5.55e-4,0.003343,7.86e-4,8.56e-4,0,1e-6
3,Frame_5,25.27472527472458,0.344457,0.285719,0.002863,0.00296,0.003264,1.8e-5,1e-6,0,0.143973,0.164362,0.149824,0.203928,0.059071,0.073866,0.100399,0.088246,0.075799,0.054722,0.58531,0.336386,0.0053,0.003593,5e-6,0.002695,0.385123,1.7e-4,5100,0.345696,0.001535,0.00171,0.001807,0.002922,1.33e-4,4.36e-4,1.07e-4,3e-5,0.012258,0.01329,0.00759,0.004604,0.149779,0.099537,0.728116,0.074983,5.1e-5,3.6e-5,4.17e-4,0.001409,6.97e-4,7.88e-4,0,1e-6
3,Frame_6,25.27472527472458,0.326598,0.253799,0.0025959999999999998,0.004212,0.004372,1.7e-5,0,0,0.134991,0.15179,0.143032,0.205539,0.054751,0.077787,0.115056,0.092116,0.081748,0.054603,0.620125,0.353668,0.006563,0.00349,9e-6,0.002173,0.44781,3.46e-4,5101,0.447972,5.84e-4,0.001997,8.64e-4,0.001273,3.88e-4,3.68e-4,2.76e-4,7.8e-5,0.003721,0.011193,0.04857,0.008695,0.038129,0.026915,0.279065,0.025714,1.9e-5,2.2e-5,1.6e-4,9.68e-4,2.95e-4,5.26e-4,0,1e-6
3,Frame_7,25.27472527472458,0.332867,0.239284,0.002897,0.00351,0.00414,5.9e-5,0,0,0.133617,0.146055,0.145622,0.221481,0.0613,0.065042,0.10434,0.091728,0.074274,0.049578,0.610411,0.358145,0.006442,0.003306,1e-4,0.001409,0.535986,0.001622,5102,0.338492,0.004234,0.002917,4.2e-5,6.7e-5,0.003784,1.15e-4,0.004991,0.006539,0.00849,0.006877,0.046141,0.016602,0.008561,0.03452,0.004334,0.001853,5e-5,5.7e-5,8.4e-5,7.95e-4,6.96e-4,6.53e-4,0,1e-6
3,Frame_8,25.27472527472458,0.341994,0.246653,0.002885,0.004077,0.00462,5e-5,0,0,0.133791,0.145789,0.14684,0.22851,0.085378,0.044167,0.084997,0.134594,0.074706,0.050448,0.614255,0.36053,0.006536,0.003736,8.4e-5,0.001571,0.565308,0.001645,5103,0.378436,0.003651,0.001733,5.3e-5,9.1e-5,0.0035,1.29e-4,0.004109,0.00557,0.005015,0.003754,0.084124,0.015698,0.008888,0.030575,0.004529,0.001608,2.7e-5,2.8e-5,6.6e-5,8.64e-4,4.98e-4,4.13e-4,0,1e-6
3,Frame_9,25.27472527472458,0.348733,0.252128,0.002904,0.004273,0.004513,4.8e-5,0,0,0.129426,0.144209,0.148633,0.231796,0.07361,0.051674,0.096659,0.126988,0.07607,0.051207,0.619328,0.361942,0.00692,0.004017,8.3e-5,0.001562,0.575676,0.00175,5104,0.405476,0.002324,0.001911,6.6e-5,1.07e-4,0.003326,1.21e-4,0.004645,0.005219,0.003027,0.003448,0.107987,0.016938,0.00891,0.028165,0.00427,0.00146,1.9e-5,2.2e-5,6.3e-5,7.89e-4,3.6e-4,3.25e-4,0,1e-6
3,Frame_10,25.27472527472458,0.343514,0.25166,0.002904,0.004762,0.004715,4.9e-5,0,0,0.126104,0.14381,0.151371,0.235549,0.067553,0.056356,0.103791,0.122214,0.075647,0.050358,0.62673,0.362642,0.007163,0.004159,8.5e-5,0.001598,0.579955,0.001682,5105,0.428016,0.002323,0.001942,6.5e-5,1.08e-4,0.00334,1.2e-4,0.004837,0.00531,0.002638,0.003118,0.12404,0.017739,0.009229,0.026675,0.00413,0.001397,1.8e-5,2e-5,5.9e-5,7.58e-4,3.21e-4,2.87e-4,0,1e-6
3,Frame_11,25.27472527472458,0.343437,0.248282,0.003161,0.004924,0.004778,5e-5,0,0,0.124158,0.143404,0.152937,0.237807,0.060838,0.062238,0.112143,0.11585,0.075518,0.050097,0.623,0.363324,0.00729,0.004301,8.1e-5,0.001611,0.594307,0.001754,5106,0.443752,0.002348,0.001743,9.5e-5,1.59e-4,0.002779,1.24e-4,0.004666,0.005251,0.0025959999999999998,0.002891,0.122924,0.015802,0.010883,0.024389,0.005686,0.001554,1.6e-5,1.7e-5,5.9e-5,7.93e-4,3.24e-4,2.65e-4,0,1e-6
3,Frame_12,25.27472527472458,0.346991,0.247088,0.003268,0.004928,0.004865,4.9e-5,0,0,0.122353,0.140404,0.153019,0.237974,0.053879,0.070017,0.122305,0.106719,0.076095,0.050401,0.62361,0.361778,0.007437,0.004499,8e-5,0.001596,0.595944,0.001757,5107,0.449811,0.002251,0.00167,1.14e-4,1.93e-4,0.00261,1.3e-4,0.004475,0.005066,0.002379,0.002733,0.1272,0.014342,0.011631,0.023441,0.006382,0.001578,1.4e-5,1.5e-5,5.9e-5,8.15e-4,3.05e-4,2.49e-4,0,1e-6
3,Frame_13,25.27472527472458,0.346267,0.245619,0.003359,0.005149,0.005031,4.6e-5,0,0,0.120593,0.138,0.155098,0.240134,0.051891,0.07346,0.127295,0.105256,0.076482,0.049949,0.628597,0.361228,0.007733,0.004658,7.7e-5,0.00158,0.594819,0.001687,5108,0.473711,0.002246,0.001497,1.1e-4,1.92e-4,0.002794,1.54e-4,0.004135,0.004541,0.001955,0.002296,0.168652,0.01349,0.011533,0.020581,0.006653,0.00171,1.2e-5,1.3e-5,5.2e-5,8.11e-4,2.88e-4,2.37e-4,0,1e-6
3,Frame_14,25.27472527472458,0.348611,0.246578,0.003309,0.005053,0.004912,4.6e-5,0,0,0.120363,0.137348,0.153712,0.238933,0.049215,0.076435,0.130997,0.100699,0.076644,0.05007,0.628586,0.358599,0.007696,0.004639,7.9e-5,0.001565,0.596163,0.001723,5109,0.464128,0.002392,0.001576,9.8e-5,1.71e-4,0.002972,1.57e-4,0.004212,0.004727,0.002053,0.002351,0.163259,0.013031,0.011263,0.021976,0.006143,0.001575,1.2e-5,1.3e-5,5.1e-5,7.65e-4,2.9e-4,2.39e-4,0,1e-6
3,Frame_15,25.27472527472458,0.349569,0.247618,0.003241,0.005088,0.004902,4.6e-5,0,0,0.119147,0.137795,0.153235,0.239491,0.047008,0.07942,0.134426,0.096686,0.07662,0.049675,0.628866,0.356764,0.007766,0.00461,7.8e-5,0.00162,0.59675,0.001739,5110,0.456145,0.002203,0.001661,9e-5,1.49e-4,0.003202,1.52e-4,0.004198,0.004588,0.001983,0.002345,0.17095,0.014017,0.010748,0.023528,0.005701,0.00147,1.1e-5,1.2e-5,5.4e-5,6.61e-4,2.8e-4,2.33e-4,0,1e-6
3,Frame_16,25.27472527472458,0.356931,0.25485,0.003061,0.004981,0.004792,4.5e-5,0,0,0.120187,0.140286,0.151754,0.238905,0.053284,0.071371,0.123146,0.104499,0.077073,0.049846,0.630733,0.357278,0.007706,0.00452,7.8e-5,0.001657,0.59338,0.001799,5111,0.445772,0.002072,0.001743,7.6e-5,1.18e-4,0.003567,1.44e-4,0.004317,0.004597,0.001919,0.002181,0.18394,0.015703,0.009773,0.025556,0.004688,0.001285,1.1e-5,1.1e-5,6e-5,5.31e-4,2.62e-4,2.21e-4,0,1e-6
3,Frame_17,25.27472527472458,0.361238,0.259211,0.002951,0.00486,0.004721,4.8e-5,0,0,0.120526,0.142579,0.152652,0.240195,0.062747,0.060177,0.108498,0.116787,0.075374,0.048752,0.630811,0.358242,0.007473,0.004348,8.1e-5,0.001597,0.599374,0.001908,5112,0.427991,0.002466,0.00204,7.1e-5,1.06e-4,0.003507,1.26e-4,0.004723,0.005346,0.002408,0.002435,0.154664,0.016515,0.009918,0.025833,0.004535,0.001134,1.3e-5,1.3e-5,6.7e-5,4.86e-4,2.82e-4,2.33e-4,0,1e-6
3,Frame_18,25.27472527472458,0.365017,0.259763,0.002896,0.004658,0.004641,4.9e-5,0,0,0.120453,0.144697,0.156611,0.246378,0.072877,0.050974,0.097295,0.132302,0.073502,0.046511,0.630818,0.36226,0.007397,0.004243,8.2e-5,0.001491,0.601252,0.002049,5113,0.420762,0.00252,0.002314,6.6e-5,9.6e-5,0.003541,1.19e-4,0.004971,0.00554,0.002569,0.002744,0.142854,0.017327,0.009882,0.026138,0.004449,0.001088,1.4e-5,1.4e-5,6.8e-5,4.65e-4,2.92e-4,2.49e-4,0,0
3,Frame_19,25.27472527472458,0.351331,0.245163,0.002971,0.004684,0.004903,5.1e-5,0,0,0.118922,0.148755,0.157979,0.247057,0.081442,0.04654,0.08734,0.136871,0.072722,0.044733,0.630845,0.364033,0.007322,0.003991,7.7e-5,0.001464,0.604328,0.002201,5114,0.407359,0.002572,0.002886,7.6e-5,1.09e-4,0.002991,1.07e-4,0.005146,0.005598,0.002965,0.003506,0.116925,0.017825,0.012281,0.028358,0.005683,0.00111,1.4e-5,1.5e-5,6.7e-5,4.61e-4,2.84e-4,2.47e-4,0,0
3,Frame_20,25.27472527472458,0.349574,0.241665,0.00309,0.004625,0.005047,4.8e-5,0,0,0.117798,0.147447,0.16413,0.253768,0.097396,0.03989,0.075816,0.15289,0.071057,0.042463,0.632496,0.36756,0.007397,0.004052,6.9e-5,0.001555,0.600039,0.002068,5115,0.417806,0.002092,0.003157,7.6e-5,1.08e-4,0.002821,1.11e-4,0.005069,0.004736,0.002394,0.003634,0.134911,0.018986,0.013386,0.028665,0.00652,0.001265,1.2e-5,1.3e-5,5.9e-5,4.25e-4,2.74e-4,2.52e-4,0,0
3,Frame_21,25.27472527472458,0.335622,0.226031,0.003364,0.005742,0.00623,3e-5,0,0,0.118651,0.14624500000000001,0.161615,0.258221,0.10092,0.04197,0.078427,0.166213,0.078925,0.044377,0.646068,0.373154,0.008474,0.004798,3.3e-5,0.002845,0.556896,0.001233,5116,0.471512,4.43e-4,0.001424,2.08e-4,2.77e-4,0.001849,2.18e-4,0.002392,0.001153,7.04e-4,0.002026,0.333637,0.015285,0.020327,0.03702,0.01854,0.002655,3e-6,3e-6,5.7e-5,2.86e-4,1.55e-4,1.89e-4,0,0
3,Frame_22,25.27472527472458,0.336576,0.228553,0.003107,0.006261,0.006379,2e-5,0,0,0.117045,0.137553,0.167354,0.262164,0.11366,0.037317,0.073915,0.189847,0.075948,0.042558,0.645882,0.348335,0.008878,0.005074,1.7e-5,0.003083,0.574626,8.48e-4,5117,0.5331,6.78e-4,0.002016,1.87e-4,2.72e-4,0.001327,2.97e-4,7.84e-4,3.13e-4,8.55e-4,0.002417,0.35385,0.017557,0.032071,0.043365,0.055814,0.00442,3e-6,3e-6,4e-5,2.68e-4,8.1e-5,1.18e-4,0,0
3,Frame_23,25.27472527472458,0.343165,0.239979,0.00279,0.0065,0.006108,1.7e-5,0,0,0.118713,0.143187,0.167278,0.269448,0.169375,0.023272,0.053055,0.263201,0.073215,0.038417,0.630248,0.327851,0.008099,0.00476,1.1e-5,0.002995,0.598704,8.31e-4,5118,0.567566,0.001485,0.003637,1.1e-4,1.71e-4,0.00109,3.23e-4,5.08e-4,2.01e-4,0.001731,0.004036,0.326331,0.023306,0.060137,0.055026,0.127939,0.005377,3e-6,3e-6,2.5e-5,2.27e-4,5.9e-5,8.7e-5,0,0
4,Frame_1,26.470588235293853,0.030647,0.022528,0.08567,0.106435,0.128729,4.2e-5,0,0,0.00484,0.013974,0.007492,0.032956,0.002065,0.636584,0.672358,0.002409,0.425931,0.271131,0.248309,0.035507,0.129275,0.019615,2.5e-5,0.001845,0.590952,0.001251,3476,0.55585,6.91e-4,0.001569,1.27e-4,1.08e-4,0.00648,0.003753,0.001043,7.11e-4,0.005036,0.006186,0.723938,0.001801,0.035463,0.017684,0.020632,0.003138,5e-6,3e-6,1.65e-4,1.06e-4,1.1e-5,1.1e-5,1e-6,0
4,Frame_2,26.470588235293853,0.037244,0.028772,0.061064,0.110678,0.117762,4.5e-5,0,1e-6,0.005998,0.01748,0.004828,0.020967,5e-4,0.867332,0.887465,5.61e-4,0.510124,0.361531,0.289676,0.036605,0.126609,0.015387,3e-5,0.002479,0.539258,0.001181,3477,0.496876,5.71e-4,0.002133,2.02e-4,1.56e-4,0.008203,0.003657,0.001017,6.24e-4,0.004472,0.007326,0.766066,0.002071,0.050176,0.02402,0.023571,0.00317,5e-6,3e-6,2.17e-4,1.18e-4,9e-6,1.1e-5,1e-6,0
4,Frame_3,26.470588235293853,0.029105,0.023189,0.078716,0.127872,0.126139,5e-5,0,1e-6,0.006586,0.017941,0.005368,0.026675,3.99e-4,0.877406,0.90076,5.35e-4,0.48773300000000003,0.31605,0.308636,0.037676,0.114588,0.016077,3.9e-5,0.002467,0.517419,0.001145,3478,0.475426,7.71e-4,0.001716,2.12e-4,1.76e-4,0.008645,0.005847,0.001157,8.58e-4,0.004685,0.006253,0.749838,0.001195,0.052133,0.023045,0.020375,0.003498,6e-6,3e-6,1.98e-4,1.42e-4,1.2e-5,1.4e-5,1e-6,0
4,Frame_4,26.470588235293853,0.027735,0.022414,0.076015,0.136992,0.124393,5.8e-5,0,1e-6,0.006496,0.017146,0.006309,0.029339,3.18e-4,0.894354,0.913593,4.74e-4,0.460134,0.292453,0.333172,0.036503,0.116803,0.01721,5e-5,0.002253,0.517558,0.001376,3479,0.463463,9.26e-4,0.001552,1.74e-4,1.49e-4,0.009364,0.008273,0.001499,0.001132,0.004937,0.005942,0.727645,8.27e-4,0.046233,0.023778,0.01628,0.003307,6e-6,4e-6,1.85e-4,1.45e-4,1.7e-5,1.7e-5,1e-6,0
4,Frame_5,26.470588235293853,0.025685,0.021872,0.092827,0.13236,0.120889,6.2e-5,0,1e-6,0.008057,0.015796,0.005252,0.034311,3.15e-4,0.883865,0.912461,5.06e-4,0.486761,0.273495,0.349424,0.037864,0.094173,0.018394,6.1e-5,0.002079,0.52994,0.001496,3480,0.46039,0.001068,0.002008,1.2e-4,1.01e-4,0.012417,0.008111,0.002135,0.001527,0.004805,0.006553,0.684381,7.92e-4,0.03122,0.01949,0.01038,0.003096,1.1e-5,7e-6,1.99e-4,1.54e-4,2.4e-5,2.4e-5,1e-6,0
4,Frame_6,26.470588235293853,0.017158,0.014655,0.120318,0.15895,0.155601,7.2e-5,1e-6,1e-6,0.009824,0.018617,0.00515,0.025796,2.94e-4,0.908374,0.925504,3.36e-4,0.484206,0.323432,0.367124,0.045847,0.079683,0.015552,7.1e-5,0.001727,0.539583,0.001392,3481,0.465249,0.00138,0.001907,1.28e-4,1.03e-4,0.01463,0.008014,0.002223,0.00173,0.006491,0.006565,0.642721,7.85e-4,0.021721,0.010357,0.008765,0.003622,2.8e-5,1.6e-5,3.46e-4,1.94e-4,3.7e-5,3.7e-5,1e-6,0
4,Frame_7,26.470588235293853,0.014351,0.011396,0.146791,0.185705,0.180284,6.9e-5,1e-6,1e-6,0.008937,0.017002,0.006165,0.018494,3.18e-4,0.913445,0.921615,3.15e-4,0.456872,0.367301,0.328028,0.049753,0.083581,0.017395,6.4e-5,0.001554,0.566452,0.001319,3482,0.518009,0.002118,0.001968,7.5e-5,6.3e-5,0.016117,0.008473,0.001687,0.001414,0.007173,0.006255,0.698649,9.39e-4,0.018842,0.008386,0.007392,0.003282,3.4e-5,1.9e-5,2.56e-4,1.72e-4,2.6e-5,2.2e-5,1e-6,0
4,Frame_8,26.470588235293853,0.010042,0.008739,0.184387,0.229824,0.209516,6.5e-5,1e-6,1e-6,0.006795,0.013909,0.0054729999999999996,0.019722,3.01e-4,0.908062,0.921179,3.37e-4,0.479349,0.362591,0.285127,0.039976,0.103153,0.019793,5.2e-5,0.001544,0.578756,0.001205,3483,0.533692,0.002134,0.002158,7.7e-5,6.2e-5,0.01385,0.006706,0.001218,0.001078,0.009131,0.007567,0.663035,0.00131,0.019129,0.007637,0.009743,0.003684,4.2e-5,2.4e-5,2.89e-4,1.7e-4,2.1e-5,2.1e-5,1e-6,0
4,Frame_9,26.470588235293853,0.010675,0.007956,0.185067,0.227486,0.231353,6.6e-5,1e-6,1e-6,0.006536,0.01243,0.004656,0.031179,3.14e-4,0.899576,0.919304,3.62e-4,0.506209,0.301536,0.321122,0.031093,0.103557,0.022276,4.5e-5,0.001305,0.601358,0.001229,3484,0.558471,0.002165,0.002476,7.5e-5,6.3e-5,0.010873,0.004562,0.001073,9e-4,0.010936,0.009732,0.566616,0.001924,0.016615,0.007188,0.011563,0.004338,6.1e-5,3.9e-5,2.81e-4,2.09e-4,2.4e-5,2.4e-5,1e-6,0
4,Frame_10,26.470588235293853,0.009136,0.007424,0.187136,0.258842,0.245549,6e-5,1e-6,1e-6,0.005748,0.012166,0.005418,0.031197,2.48e-4,0.90727,0.929805,3.66e-4,0.487645,0.299193,0.280564,0.029954,0.114723,0.023604,3.8e-5,0.001497,0.616783,0.00119,3485,0.576639,0.002355,0.002696,7.9e-5,6.8e-5,0.008731,0.004524,8.33e-4,6.77e-4,0.012204,0.011423,0.548826,0.002055,0.020217,0.009091,0.015889,0.004067,5.1e-5,3.2e-5,2.41e-4,2.17e-4,1.6e-5,1.6e-5,1e-6,0
4,Frame_11,26.470588235293853,0.008777,0.007734,0.18467,0.278609,0.239929,5.8e-5,1e-6,1e-6,0.00546,0.011967,0.004915,0.033285,2.36e-4,0.898279,0.926599,4.42e-4,0.504445,0.28934,0.285251,0.028047,0.115385,0.024538,3.4e-5,0.001703,0.608944,0.00108,3486,0.571159,0.002426,0.002462,1.06e-4,9.6e-5,0.007838,0.005043,7.16e-4,6.05e-4,0.010754,0.010005,0.606711,0.001917,0.028807,0.010221,0.02431,0.00492,3.2e-5,1.9e-5,2.01e-4,2.25e-4,1.8e-5,1.5e-5,1e-6,0
4,Frame_12,26.470588235293853,0.008388,0.007212,0.186576,0.30028,0.248416,5.8e-5,1e-6,1e-6,0.004578,0.010803,0.005109,0.037821,2.99e-4,0.883695,0.91679,4.86e-4,0.495105,0.264872,0.260934,0.025804,0.137687,0.026501,3.6e-5,0.001409,0.617992,0.001251,3487,0.578336,0.002003,0.001877,1.1e-4,1.07e-4,0.010713,0.005479,8.24e-4,6.8e-4,0.007073,0.006971,0.699834,0.001759,0.021849,0.007628,0.018569,0.00483,2.8e-5,1.7e-5,1.8e-4,2.54e-4,2.4e-5,1.9e-5,1e-6,0
4,Frame_13,26.470588235293853,0.007535,0.006971,0.192596,0.309575,0.258747,6e-5,1e-6,1e-6,0.003961,0.009667,0.004773,0.039304,2.77e-4,0.898702,0.923784,4.02e-4,0.509962,0.257844,0.247471,0.022945,0.16031,0.029145,3.8e-5,0.001714,0.60825,0.001151,3488,0.564559,0.001716,0.001712,1.18e-4,1.15e-4,0.01281,0.006765,9.43e-4,7.36e-4,0.005224,0.005619,0.759566,0.001488,0.022674,0.00768,0.01753,0.005018,2.2e-5,1.3e-5,1.68e-4,2.36e-4,3.1e-5,2.3e-5,1e-6,0
4,Frame_14,26.470588235293853,0.008017,0.007819,0.171043,0.307895,0.245066,5.9e-5,1e-6,1e-6,0.00402,0.009876,0.004187,0.042884,3.47e-4,0.884999,0.908959,4.62e-4,0.529807,0.245579,0.251241,0.022851,0.159429,0.027888,3.8e-5,0.001818,0.614797,0.001071,3489,0.569383,0.001471,0.001417,1.31e-4,1.3e-4,0.012875,0.006695,9.45e-4,7.58e-4,0.004476,0.004597,0.761496,0.001456,0.019479,0.007129,0.015872,0.005474,2.2e-5,1.2e-5,1.84e-4,2.47e-4,3.7e-5,2.8e-5,1e-6,0
4,Frame_15,26.470588235293853,0.00875,0.008724,0.154792,0.296891,0.231012,5.8e-5,0,1e-6,0.004247,0.010752,0.003971,0.046471,4.09e-4,0.895541,0.904451,3.88e-4,0.54026,0.23414,0.253972,0.024078,0.157387,0.026913,4.3e-5,0.001782,0.642049,0.001308,3490,0.589368,0.001733,0.001543,4.7e-5,5.1e-5,0.01911,0.006619,0.001197,0.001001,0.003517,0.003922,0.809169,0.001873,0.013071,0.008015,0.00876,0.00409,2e-5,1.2e-5,9.8e-5,2.05e-4,4.2e-5,3.2e-5,1e-6,0
4,Frame_16,26.470588235293853,0.008169,0.009076,0.153139,0.263375,0.226911,1e-4,0,1e-6,0.00461,0.009823,0.003851,0.043935,5.06e-4,0.908055,0.897187,3.02e-4,0.543401,0.24558,0.273031,0.023266,0.146719,0.026298,9.1e-5,0.001392,0.724668,0.002914,3491,0.581423,0.003214,0.003686,1.9e-5,2.1e-5,0.026805,0.007661,0.005705,0.004673,0.005472,0.008061,0.621308,0.001133,0.007765,0.007309,0.003775,0.002314,4.7e-5,3.7e-5,7.2e-5,2.1e-4,8.3e-5,6.4e-5,1e-6,0
4,Frame_17,26.470588235293853,0.009702,0.00927,0.142886,0.256947,0.226221,7.3e-5,0,1e-6,0.004559,0.009888,0.003725,0.049797,4.95e-4,0.908993,0.896404,3.05e-4,0.556098,0.223716,0.274225,0.021827,0.145443,0.02831,5.8e-5,0.001915,0.709658,0.002463,3492,0.563465,0.001471,0.003034,2.7e-5,2.8e-5,0.02755,0.006587,0.003499,0.002522,0.00307,0.00605,0.783733,0.001586,0.01183,0.012213,0.006059,0.002619,1.4e-5,1.1e-5,5.9e-5,1.46e-4,5.4e-5,4.6e-5,1e-6,0
4,Frame_18,26.470588235293853,0.010602,0.008992,0.138203,0.26441,0.242412,8.2e-5,0,1e-6,0.003576,0.008718,0.004042,0.050562,4.56e-4,0.895645,0.90015,4.17e-4,0.554228,0.212585,0.238627,0.018978,0.174934,0.033285,5.1e-5,0.003343,0.728986,0.002665,3493,0.622475,0.001398,0.00489,1.6e-5,1.2e-5,0.031023,0.007818,0.00381,0.002806,0.002943,0.005074,0.907086,0.002332,0.03149,0.03354,0.007824,0.002106,4e-6,2e-6,4.9e-5,2.7e-5,1.8e-5,1.9e-5,1e-6,0
5,Frame_1,26.086956521739218,9.12e-4,0.002552,0.069111,0.590216,0.245383,4.3e-5,0,0,0.240134,0.467193,0.372135,0.390255,0.006756,0.473546,0.495977,0.004847,0.031839,0.017245,0.407755,0.435359,0.002754,5.23e-4,1.08e-4,0.001242,0.470678,0.001756,7613,0.243916,6.29e-4,0.016006,2.1e-5,1.3e-5,0.010825,0.002138,0.003557,0.002095,0.00308,0.017188,0.125996,0.001069,0.002595,0.01358,9.94e-4,0.001693,1.6e-4,2.54e-4,2.72e-4,2.06e-4,5.8e-5,1.14e-4,0,0
5,Frame_2,26.086956521739218,0.001696,0.003313,0.038731,0.522197,0.225154,5.2e-5,0,0,0.174395,0.435314,0.320373,0.343571,0.005066,0.521846,0.558441,0.00354,0.037844,0.020484,0.383424,0.484239,0.003886,6.6e-4,1.04e-4,0.001668,0.572495,0.001281,7614,0.387954,8.91e-4,0.020943,1.4e-5,9e-6,0.012195,0.001102,0.004321,0.002284,0.005086,0.022328,0.099176,0.002692,0.001689,0.010426,8.9e-4,0.002335,3.45e-4,5.45e-4,3.67e-4,1.75e-4,9.8e-5,1.8e-4,0,0
5,Frame_3,26.086956521739218,0.001566,0.0022,0.055158,0.51796,0.289407,6.8e-5,0,0,0.16368,0.39248,0.340774,0.374122,0.007316,0.402742,0.448026,0.006854,0.039377,0.018139,0.425271,0.394482,0.004954,8.43e-4,1.06e-4,0.001719,0.64889,0.001271,7615,0.45878,0.001046,0.014529,2.2e-5,1.7e-5,0.009617,8.17e-4,0.005066,0.002925,0.004691,0.023646,0.06961,0.003242,0.001299,0.007699,0.001369,0.003672,3.66e-4,7.23e-4,2.12e-4,3.65e-4,2.24e-4,3.62e-4,0,0
5,Frame_4,26.086956521739218,3.22e-4,4.95e-4,0.201994,0.720175,0.490163,9.5e-5,0,0,0.138391,0.322675,0.27624,0.326957,0.00641,0.386664,0.403442,0.011702,0.049895,0.024238,0.432756,0.372254,0.006304,0.00126,1.34e-4,0.004392,0.680419,7.43e-4,7616,0.457254,0.001123,0.013036,2.7e-5,2e-5,0.010217,9.25e-4,0.006494,0.003828,0.005706,0.026057,0.052955,0.00274,0.001653,0.010085,0.001771,0.003639,3.48e-4,6.12e-4,2.14e-4,3.41e-4,2.17e-4,3.59e-4,0,0
5,Frame_5,26.086956521739218,1.31e-4,2.09e-4,0.291738,0.792869,0.601691,1.32e-4,0,0,0.110005,0.301321,0.227313,0.39525,0.008432,0.293056,0.364355,0.016306,0.07252,0.018042,0.49859,0.26974,0.008309,0.001359,2.31e-4,0.004913,0.58806,4.25e-4,7617,0.306739,0.005557,0.008872,2.8e-5,2.8e-5,0.00922,0.001058,0.004774,0.005205,0.014676,0.023299,0.02085,0.001816,0.001433,0.007465,0.001725,0.00343,0.001754,0.002466,3.08e-4,0.001083,6.77e-4,7.58e-4,1e-6,0
5,Frame_6,26.086956521739218,2.23e-4,3.29e-4,0.154325,0.790718,0.559926,1.57e-4,0,0,0.096433,0.250664,0.136238,0.359217,0.013591,0.170369,0.251862,0.034477,0.117795,0.02325,0.525163,0.242233,0.009801,0.001507,3.08e-4,0.004554,0.495601,2.93e-4,7618,0.234774,0.006072,0.008235,3.5e-5,3.8e-5,0.007471,0.0011,0.005617,0.006252,0.01849,0.037466,0.010176,0.001135,0.001296,0.005464,0.001483,0.003545,0.004203,0.006905,4.65e-4,0.002224,8.88e-4,0.001025,1e-6,1e-6
5,Frame_7,26.086956521739218,3.02e-4,5.92e-4,0.058233,0.803042,0.510674,1.62e-4,0,0,0.084295,0.24297,0.068628,0.419712,0.015763,0.130351,0.227098,0.043462,0.225681,0.019859,0.592304,0.224172,0.011406,0.001415,3.27e-4,0.006538,0.426405,2.08e-4,7619,0.161622,0.007352,0.011068,2.4e-5,2.7e-5,0.005854,6.81e-4,0.005539,0.006879,0.021866,0.050141,0.006138,0.001934,0.001497,0.008652,0.001428,0.00327,0.005047,0.008667,4.07e-4,0.002508,0.001062,0.001229,1e-6,1e-6
5,Frame_8,26.086956521739218,3.58e-4,8.23e-4,0.042415,0.76665,0.434893,1.35e-4,0,0,0.082637,0.186683,0.050374,0.236927,0.0077210000000000004,0.217635,0.344494,0.028032,0.24814,0.046817,0.58122,0.216958,0.012145,0.001889,2.61e-4,0.003618,0.452603,3.96e-4,7620,0.163101,0.005628,0.009747,3e-5,3.5e-5,0.005683,3.06e-4,0.004965,0.005931,0.013441,0.03493,0.00938,0.004595,0.001417,0.007641,0.001413,0.002771,0.002449,0.004834,3.25e-4,0.002774,6.1e-4,7.98e-4,1e-6,1e-6
5,Frame_9,26.086956521739218,4.35e-4,9.93e-4,0.042492,0.734576,0.415881,1.25e-4,0,0,0.096071,0.181222,0.052692,0.196632,0.005816,0.293038,0.401468,0.020399,0.226614,0.058633,0.587683,0.213563,0.010426,0.001972,2.25e-4,0.00367,0.504156,4.28e-4,7621,0.209684,0.004142,0.011834,2.3e-5,2.6e-5,0.005707,1.68e-4,0.005567,0.005634,0.010369,0.035695,0.011522,0.010383999999999999,0.001205,0.008392,0.001271,0.002474,0.001607,0.003705,2.6e-4,0.002521,4.86e-4,7.52e-4,1e-6,0
5,Frame_10,26.086956521739218,4.93e-4,8.03e-4,0.04242,0.726867,0.44498,1.29e-4,0,0,0.104016,0.173527,0.062186,0.157637,0.006642,0.320627,0.39102,0.017249,0.196258,0.072373,0.58709,0.239789,0.009955,0.001929,2.37e-4,0.002898,0.479235,5.18e-4,7622,0.18887,0.004223,0.010653,3.2e-5,4e-5,0.003917,1.33e-4,0.00601,0.006161,0.011099,0.042983,0.007667,0.009887,0.001234,0.008918,0.0013,0.002279,0.001839,0.004852,2.71e-4,0.005093,4.58e-4,7.3e-4,1e-6,1e-6
5,Frame_11,26.086956521739218,4.57e-4,9.11e-4,0.037052,0.7341,0.435527,1.28e-4,0,0,0.099509,0.20423,0.063409,0.200672,0.006781,0.287781,0.384376,0.02081,0.203897,0.057338,0.563815,0.257455,0.010382,0.001685,2.43e-4,0.003476,0.505638,3.91e-4,7623,0.219275,0.004115,0.010231,2.7e-5,3.1e-5,0.005454,2.37e-4,0.005374,0.005637,0.01022,0.033727,0.010008,0.005785,0.001018,0.007162,0.00112,0.002376,0.002207,0.004985,3.29e-4,0.002911,5.26e-4,8.64e-4,1e-6,0
5,Frame_12,26.086956521739218,8.27e-4,0.001561,0.02434,0.622931,0.374496,1.22e-4,0,0,0.287907,0.513497,0.195913,0.45987,0.023094,0.319479,0.271601,0.009996,0.097712,0.015691,0.622149,0.285616,0.003503,3.01e-4,1.77e-4,0.005496,0.538717,4.48e-4,7624,0.242898,0.003034,0.016897,1.8e-5,1.7e-5,0.005941,2.62e-4,0.0063,0.00666,0.00975,0.039687,0.017052,0.005914,0.001254,0.010779,9.84e-4,0.001797,0.001195,0.002723,2.86e-4,0.001354,3.47e-4,7.34e-4,0,0
5,Frame_13,26.086956521739218,0.001819,0.003102,0.010741,0.512342,0.288021,1.63e-4,0,0,0.317523,0.551175,0.407155,0.502944,0.043283,0.187403,0.158999,0.023806,0.045125,0.009874,0.763444,0.365739,0.003324,2.05e-4,1.95e-4,0.004707,0.530417,5.84e-4,7625,0.244303,0.002124,0.019759,2.5e-5,2.1e-5,0.005187,2.54e-4,0.007555,0.007257,0.011501,0.056839,0.013134,0.005455,0.001455,0.010336,0.001123,0.002002,0.001435,0.003653,3.92e-4,0.001523,3.52e-4,7.69e-4,0,0
5,Frame_14,26.086956521739218,0.001665,0.003384,0.004628,0.586893,0.310324,1.34e-4,0,0,0.147569,0.301021,0.040652,0.141717,0.043061,0.07749,0.130017,0.072673,0.28635,0.095137,0.678704,0.338165,0.006668,8.19e-4,1.68e-4,0.002075,0.657684,0.001019,7626,0.384622,0.002619,0.010955,3.3e-5,3.2e-5,0.004972,9.5e-5,0.007105,0.008087,0.009308,0.033847,0.009947,0.013353,9.84e-4,0.009328,9.65e-4,0.001747,0.001362,0.003552,3.56e-4,0.002355,2.73e-4,5.74e-4,0,0
5,Frame_15,26.086956521739218,0.001927,0.003448,0.00452,0.58939,0.305054,1.33e-4,0,0,0.03136,0.084037,0.01112,0.035046,0.043894,0.092445,0.122461,0.060066,0.466259,0.324362,0.544108,0.243114,0.024844,0.004793,1.38e-4,0.001444,0.650815,0.001207,7627,0.366861,0.002864,0.011347,3.3e-5,3.4e-5,0.005098,9.9e-5,0.007198,0.006785,0.00737,0.03464,0.010984,0.013725,9.73e-4,0.007773,0.001269,0.0022,0.001416,0.004072,3.03e-4,0.002608,3.4e-4,6.77e-4,0,0
5,Frame_16,26.086956521739218,0.002228,0.004081,0.004121,0.577413,0.289191,1.34e-4,0,0,0.020069,0.047734,0.007548,0.018453,0.036634,0.113979,0.134814,0.049771,0.528631,0.472158,0.44286,0.191375,0.035539,0.00762,1.32e-4,0.001237,0.65698,0.001314,7628,0.374061,0.003299,0.009449,3.3e-5,3.7e-5,0.005446,1.17e-4,0.006968,0.006852,0.007426,0.029597,0.012559,0.011714,9.53e-4,0.007045,0.001266,0.002272,0.001419,0.003752,3.13e-4,0.002629,3.52e-4,6.5e-4,0,0
5,Frame_17,26.086956521739218,0.00256,0.00483,0.00521,0.545797,0.252472,1.33e-4,0,0,0.009914,0.0258,0.007489,0.015147,0.029766,0.138343,0.153098,0.038948,0.529756,0.500419,0.303719,0.136717,0.061669,0.012434,1.44e-4,0.0012,0.625435,0.001102,7629,0.344809,0.00347,0.008853,4.8e-5,5.4e-5,0.005214,1.3e-4,0.007258,0.007235,0.009127,0.031089,0.010651,0.009414,8.92e-4,0.005241,0.001324,0.002623,0.002225,0.005743,4.52e-4,0.003413,4.53e-4,8.22e-4,0,0
5,Frame_18,26.086956521739218,0.00238,0.004821,0.006682,0.551731,0.248346,1.28e-4,0,0,0.009083,0.026442,0.007824,0.015442000000000001,0.024697,0.158702,0.173132,0.033027,0.517735,0.487273,0.268547,0.138748,0.064114,0.011868,1.49e-4,0.00114,0.611709,0.001081,7630,0.331093,0.003389,0.009333,5e-5,5.8e-5,0.00499,1.36e-4,0.007286,0.007113,0.008945,0.033972,0.010151,0.008895,8.66e-4,0.004682,0.001343,0.002775,0.002496,0.006915,4.48e-4,0.004092,4.67e-4,8.94e-4,0,0
6,Frame_1,24.623803009576108,0.001912,0.001423,0.667885,0.313177,0.264539,2.9e-5,1e-6,0,0.041683,0.024648,0.057779,0.071599,0.061563,0.02733,0.104921,0.199005,0.146559,0.120974,0.381833,0.183115,0.015288,0.02361,1.6e-5,0.007631,0.683787,4.93e-4,2114,0.661211,0.001041,0.012143,2.9e-5,2.2e-5,0.002574,0.002815,0.001409,5.22e-4,0.005189,0.01759,0.64556500000000006,0.004344,0.060185,0.038034,0.039408,0.001831,3e-6,3e-6,6.6e-5,3.5e-5,3e-6,7e-6,0,0
6,Frame_2,24.623803009576108,0.002243,0.001748,0.643433,0.296689,0.247589,2.8e-5,1e-6,0,0.044927,0.025154,0.063282,0.07613,0.06129,0.02775,0.107884,0.200792,0.138493,0.115588,0.381665,0.195497,0.014405,0.023973,1.6e-5,0.008906,0.689154,4.65e-4,2115,0.668327,0.001319,0.012173,2.7e-5,2.1e-5,0.002211,0.00337,0.001333,5e-4,0.005851,0.017019,0.65579,0.003547,0.076357,0.046192,0.046051,0.0015,3e-6,2e-6,6e-5,3e-5,3e-6,5e-6,0,0
6,Frame_3,24.623803009576108,0.002326,0.001729,0.635109,0.29538,0.246487,2.9e-5,1e-6,0,0.045185,0.024504,0.064939,0.077581,0.048665,0.029625,0.132579,0.196656,0.133192,0.112395,0.372516,0.19591,0.014418,0.024724,1.8e-5,0.008725,0.687213,4.85e-4,2116,0.665336,0.001279,0.011302,2.1e-5,1.7e-5,0.002557,0.003499,0.001444,5.25e-4,0.005529,0.016176,0.630064,0.003279,0.056336,0.046272,0.031953,0.001331,3e-6,3e-6,6e-5,3.1e-5,3e-6,5e-6,0,0
6,Frame_4,24.623803009576108,0.00238,0.001698,0.610534,0.294782,0.256719,2.7e-5,1e-6,0,0.073881,0.051479,0.079344,0.092309,0.040465,0.036297,0.155772,0.175267,0.114741,0.096484,0.414741,0.313081,0.009423,0.01251,1.9e-5,0.008286,0.680149,5.37e-4,2117,0.654353,0.001256,0.010008,2.3e-5,1.8e-5,0.002548,0.003369,0.001472,5.3e-4,0.004823,0.014238,0.640349,0.003019,0.054055,0.048075,0.029274,0.001247,3e-6,2e-6,6e-5,3.1e-5,3e-6,5e-6,0,0
6,Frame_5,24.623803009576108,0.002504,0.001615,0.57745,0.270935,0.227755,2.5e-5,1e-6,0,0.427031,0.362901,0.373921,0.378947,0.045207,0.091604,0.132386,0.082246,0.030324,0.022615,0.592975,0.483993,0.001217,0.001034,1.7e-5,0.011363,0.667371,5.25e-4,2118,0.638372,7.75e-4,0.004956,6.8e-5,5e-5,0.002204,0.003499,0.001096,4.74e-4,0.003282,0.00792,0.710584,0.002659,0.051005,0.048617,0.035696,0.002011,2e-6,1e-6,9.9e-5,4.6e-5,4e-6,7e-6,0,0
6,Frame_6,24.623803009576108,0.002033,0.001349,0.594321,0.243312,0.201393,2.5e-5,0,0,0.607195,0.56945,0.583646,0.58346,0.032265,0.205112,0.198307,0.032637,0.013997,0.010018,0.682531,0.603205,6.69e-4,3.92e-4,2.3e-5,0.010451,0.645495,6.05e-4,2119,0.600061,7.13e-4,0.003301,5.9e-5,4.6e-5,0.00321,0.0025,0.001114,5.02e-4,0.002461,0.004621,0.693054,0.003686,0.02077,0.049137,0.013642,0.001698,3e-6,2e-6,1.56e-4,7.5e-5,7e-6,1.1e-5,0,0
6,Frame_7,24.623803009576108,0.00187,0.001172,0.568766,0.224484,0.204219,3.2e-5,0,0,0.541152,0.524587,0.530384,0.529935,0.041721,0.156705,0.146723,0.037695,0.016699,0.012557,0.649705,0.595329,8.19e-4,4.65e-4,4.2e-5,0.011551,0.600695,8.03e-4,2120,0.508478,7.74e-4,0.003337,4.3e-5,3.2e-5,0.010092,0.002707,0.002399,0.001424,0.001744,0.003493,0.761489,0.002629,0.0139,0.043966,0.004842,0.001939,3e-6,2e-6,1.33e-4,6.7e-5,1.7e-5,2.1e-5,0,0
6,Frame_8,24.623803009576108,0.001792,9.22e-4,0.584893,0.226954,0.232448,2.8e-5,1e-6,0,0.47321,0.389303,0.461474,0.468189,0.086306,0.054556,0.073922,0.111085,0.017975,0.017862,0.615334,0.596144,0.001003,9.44e-4,4.1e-5,0.010288,0.545429,0.001069,2121,0.411223,8.18e-4,0.002979,4.1e-5,3.3e-5,0.010705,0.002816,0.002697,0.00155,0.001695,0.003737,0.775644,0.002314,0.018131,0.05331,0.005307,0.00191,2e-6,2e-6,1.08e-4,6.2e-5,1.6e-5,1.7e-5,0,0
6,Frame_9,24.623803009576108,0.001602,6.89e-4,0.615011,0.234351,0.285963,2.4e-5,0,0,0.236418,0.20832,0.231854,0.271507,0.115566,0.027741,0.054179,0.174663,0.042815,0.034885,0.555447,0.548743,0.002751,0.002505,3.5e-5,0.01137,0.45869,8.69e-4,2122,0.292334,0.001068,0.002204,2.4e-5,2.1e-5,0.01253,0.005121,0.002232,0.001223,0.001859,0.003621,0.806801,0.001249,0.022587,0.06611,0.006171,0.001862,1e-6,1e-6,7.4e-5,4.1e-5,1.5e-5,1.4e-5,0,0
6,Frame_10,24.623803009576108,0.001058,4.02e-4,0.681126,0.273948,0.352941,2.3e-5,0,0,0.148258,0.11345,0.095993,0.122016,0.094666,0.026217,0.064134,0.179236,0.094413,0.079177,0.517247,0.475619,0.004623,0.00562,3.7e-5,0.012336,0.436296,8.11e-4,2123,0.238362,0.001554,0.002038,1.4e-5,1.3e-5,0.016504,0.006692,0.0022,0.001289,0.002014,0.003295,0.820764,0.001024,0.023898,0.077951,0.005895,0.001546,1e-6,1e-6,5e-5,3.4e-5,1.4e-5,1.4e-5,0,0
6,Frame_11,24.623803009576108,8.76e-4,3.42e-4,0.717262,0.285599,0.371205,2.4e-5,1e-6,0,0.105886,0.060036,0.070973,0.085928,0.074033,0.026092,0.082216,0.187077,0.120628,0.104753,0.467117,0.362679,0.006858,0.011206,3.8e-5,0.014453,0.431148,7.65e-4,2124,0.238576,0.001566,0.001925,1.2e-5,1.1e-5,0.016197,0.008941,0.002144,0.00133,0.00203,0.002826,0.861928,8.91e-4,0.033758,0.099439,0.007096,0.001313,1e-6,1e-6,4.7e-5,2.3e-5,1.1e-5,1.1e-5,0,0
6,Frame_12,24.623803009576108,7.09e-4,3.13e-4,0.73401,0.314378,0.368841,2.2e-5,1e-6,0,0.100552,0.048367,0.069925,0.079924,0.08734,0.025521,0.069893,0.185515,0.125314,0.114004,0.428535,0.317814,0.007235,0.014167,3.5e-5,0.013701,0.434349,8.77e-4,2125,0.233279,0.001556,0.002,9e-6,9e-6,0.017008,0.009104,0.002127,0.00128,0.001787,0.002769,0.886484,0.001001,0.035894,0.108926,0.007265,0.00123,1e-6,0,3.5e-5,2.1e-5,1e-5,1e-5,0,0
6,Frame_13,24.623803009576108,7.31e-4,3.11e-4,0.737865,0.322411,0.372915,2.2e-5,1e-6,0,0.104406,0.055487,0.075354,0.088979,0.081873,0.026253,0.075923,0.188583,0.118697,0.102493,0.439244,0.307028,0.007348,0.01261,3.8e-5,0.012094,0.450446,7.98e-4,2126,0.289304,0.00107,0.002377,1e-5,9e-6,0.017707,0.007893,0.002426,0.001215,0.001347,0.002974,0.882647,0.001171,0.028858,0.084356,0.006045,0.001267,1e-6,1e-6,3.5e-5,2.5e-5,1.1e-5,1.3e-5,0,0
6,Frame_14,24.623803009576108,7.1e-4,3.84e-4,0.729841,0.348778,0.361694,2.1e-5,1e-6,0,0.103004,0.055376,0.085699,0.098005,0.105288,0.020937,0.062933,0.224874,0.108893,0.09406,0.426218,0.313402,0.007736,0.013819,3.2e-5,0.012509,0.501086,8.31e-4,2127,0.379226,8.11e-4,0.002615,9e-6,9e-6,0.017404,0.007636,0.002374,0.001018,9.44e-4,0.002815,0.923925,0.001578,0.031124,0.081917,0.006974,0.00135,1e-6,0,2.6e-5,2.2e-5,1e-5,1.2e-5,0,0
6,Frame_15,24.623803009576108,8.63e-4,5.01e-4,0.708054,0.327414,0.338028,1.9e-5,1e-6,0,0.104693,0.060761,0.094611,0.106279,0.098811,0.023643,0.065777,0.209569,0.10179,0.086932,0.431531,0.329828,0.007735,0.013519,3.1e-5,0.012263,0.517557,8.99e-4,2128,0.40046,9.48e-4,0.002445,9e-6,9e-6,0.020796,0.007558,0.002154,9.86e-4,8.32e-4,0.002269,0.947426,0.001774,0.033093,0.072348,0.007478,0.001312,0,0,2.1e-5,2.2e-5,9e-6,1.1e-5,0,0
6,Frame_16,24.623803009576108,0.001032,6.19e-4,0.691487,0.301727,0.313909,1.9e-5,1e-6,0,0.103833,0.062512,0.099015,0.110907,0.086072,0.026228,0.073943,0.197382,0.097615,0.083049,0.43795,0.342917,0.007772,0.013283,3.2e-5,0.011651,0.52378,9.55e-4,2129,0.404385,0.001,0.002513,8e-6,9e-6,0.022641,0.007121,0.002131,0.001,8.08e-4,0.002106,0.95036,0.001897,0.031639,0.06784,0.007199,0.001288,0,0,2.1e-5,2.1e-5,9e-6,1.1e-5,0,0
6,Frame_17,24.623803009576108,0.001073,6.3e-4,0.690864,0.299565,0.313896,2e-5,1e-6,0,0.100989,0.060187,0.097083,0.109467,0.091843,0.028234,0.067235,0.18205,0.099565,0.08585,0.437533,0.337297,0.007824,0.013366,3e-5,0.010728,0.524775,9.56e-4,2130,0.409814,8.82e-4,0.002407,1e-5,1e-5,0.020833,0.006328,0.002144,9.75e-4,8.37e-4,0.002257,0.943051,0.001978,0.030459,0.065248,0.007504,0.001408,1e-6,0,2.4e-5,2.3e-5,1e-5,1.2e-5,0,0
6,Frame_18,24.623803009576108,0.001109,6.94e-4,0.703386,0.291973,0.288087,2.2e-5,1e-6,0,0.091965,0.060413,0.08528,0.100949,0.043786,0.036699,0.1328,0.16965,0.11215,0.090273,0.453983,0.312422,0.009313,0.013724,3.5e-5,0.011213,0.573668,8.79e-4,2131,0.482637,9.85e-4,0.002664,9e-6,9e-6,0.024165,0.007195,0.002056,9.64e-4,7.27e-4,0.002007,0.951725,0.001909,0.026493,0.054147,0.00704,0.001414,1e-6,0,2.1e-5,2.2e-5,1e-5,1.2e-5,0,0
7,Frame_1,25.182778229082164,0.167563,0.05718,0.004252,0.037038,0.027286,3e-5,0,0,0.136319,0.233587,0.124495,0.217774,0.018981,0.274307,0.307533,0.037843,0.120032,0.069567,0.745362,0.479798,0.008748,0.002499,1.5e-5,0.027939,0.164121,3.5e-5,7041,0.165114,7.98e-4,0.024034,6.34e-4,3.59e-4,4.05e-4,2.3e-5,7.74e-4,7.9e-5,0.011308,0.098715,0.007438,0.076806,0.085281,0.102468,0.114549,0.002633,8.7e-5,9.4e-5,0.005544,1.26e-4,4.7e-5,1.23e-4,0,0
7,Frame_2,25.182778229082164,0.17281,0.059448,0.002992,0.035908,0.026099,3.2e-5,0,0,0.128707,0.231689,0.107499,0.197201,0.033146,0.188029,0.226299,0.05633,0.138937,0.082618,0.759994,0.493616,0.009677,0.002583,1.6e-5,0.027428,0.204888,4e-5,7042,0.216572,8.05e-4,0.026882,5.61e-4,3.11e-4,4.29e-4,2e-5,9.28e-4,8.4e-5,0.011047,0.106138,0.006374,0.091931,0.066532,0.090534,0.101136,0.002679,1.11e-4,1.27e-4,0.005736,1.19e-4,6.3e-5,1.69e-4,0,0
7,Frame_3,25.182778229082164,0.15867,0.053134,0.003453,0.041085000000000003,0.028514,3.6e-5,0,0,0.122894,0.228051,0.09248,0.174973,0.033896,0.184141,0.219639,0.056012,0.151592,0.09256,0.761054,0.48619,0.009464,0.002645,1.7e-5,0.026921,0.181819,3.5e-5,7043,0.183098,0.00101,0.029335,5.16e-4,2.9e-4,3.9e-4,2.3e-5,9.97e-4,9.6e-5,0.014776,0.121886,0.004992,0.073478,0.088591,0.110041,0.10263,0.002428,1.25e-4,1.37e-4,0.005377,1.19e-4,5.8e-5,1.48e-4,0,0
7,Frame_4,25.182778229082164,0.173129,0.057982,0.003375,0.036505,0.027645,3.8e-5,0,0,0.126833,0.22556,0.098289,0.183177,0.029654,0.200779,0.238377,0.051217,0.140104,0.08732,0.748974,0.491972,0.009027,0.00279,1.6e-5,0.030485,0.187398,3.4e-5,7044,0.181673,0.001221,0.032593,3.88e-4,2.09e-4,4.54e-4,2.9e-5,0.001101,1.07e-4,0.01586,0.111661,0.00708,0.064147,0.119553,0.148459,0.102901,0.00246,9e-5,8.5e-5,0.004987,7.9e-5,5.5e-5,1.29e-4,0,0
7,Frame_5,25.182778229082164,0.210247,0.065402,0.002765,0.026351,0.027154,3.8e-5,0,0,0.128939,0.207783,0.129754,0.219421,0.069682,0.100293,0.138939,0.094893,0.107248,0.069083,0.721266,0.510315,0.008916,0.003247,1.6e-5,0.030118,0.200722,4.3e-5,7045,0.187149,0.001554,0.036276,3.66e-4,2.04e-4,3.9e-4,2.6e-5,0.00143,1.27e-4,0.0147,0.112627,0.007068,0.066534,0.167851,0.222193,0.094734,0.002129,6.2e-5,5.8e-5,0.004095,6.8e-5,4.5e-5,9.8e-5,0,0
7,Frame_6,25.182778229082164,0.248884,0.076119,0.002268,0.021886,0.023364,4.4e-5,0,0,0.141844,0.215169,0.148209,0.235432,0.024755,0.226399,0.260648,0.043872,0.092987,0.060918,0.680593,0.510462,0.007824,0.003163,1.4e-5,0.025184,0.199641,5.7e-5,7046,0.165531,0.002087,0.035758,1.95e-4,1.08e-4,5.83e-4,4.9e-5,0.001332,1.17e-4,0.02409,0.128768,0.01264,0.059067,0.375744,0.384189,0.147983,0.003859,5e-5,4e-5,0.003034,3.8e-5,4.2e-5,7.8e-5,0,0
7,Frame_7,25.182778229082164,0.185996,0.05402,0.003361,0.025398,0.026328,3.1e-5,0,0,0.135791,0.188778,0.171626,0.249451,0.037415,0.158619,0.191161,0.056327,0.076762,0.050025,0.672839,0.514484,0.007546,0.003425,1.5e-5,0.035562,0.135256,3.6e-5,7047,0.09675,0.001712,0.028373,1.84e-4,1.15e-4,5.66e-4,3.9e-5,0.001177,1.17e-4,0.016035,0.100115,0.015885,0.074601,0.295288,0.290381,0.131684,0.003771,3.2e-5,2.6e-5,0.001905,4.4e-5,4.4e-5,7.9e-5,0,0
7,Frame_8,25.182778229082164,0.195282,0.051926,0.006436,0.022504,0.021521,2.7e-5,0,0,0.120039,0.181282,0.195759,0.260918,0.043142,0.144558,0.166658,0.058012,0.066757,0.044206,0.665493,0.504708,0.007784,0.003672,1.1e-5,0.021792,0.106057,3.8e-5,7048,0.054806,0.001495,0.015814,4.01e-4,2.99e-4,2.63e-4,3.6e-5,8.98e-4,1.23e-4,0.015269,0.076041,0.013167,0.055747,0.558654,0.437017,0.203104,0.003605,1.5e-5,1.1e-5,0.001342,7.7e-5,3.3e-5,5e-5,0,0
7,Frame_9,25.182778229082164,0.19821,0.050101,0.007824,0.025514,0.021726,3.3e-5,0,0,0.127275,0.188145,0.192454,0.264536,0.026161,0.221353,0.242521,0.042923,0.070935,0.047626,0.617728,0.47529,0.008908,0.00389,9e-6,0.013756000000000001,0.150726,6.3e-5,7049,0.109487,0.002002,0.021713,4.01e-4,2.82e-4,2.28e-4,2.8e-5,7.22e-4,7.5e-5,0.016214,0.075086,0.009089,0.089646,0.480726,0.326599,0.329734,0.007746,3.6e-5,2.6e-5,0.002064,6e-5,8e-5,1.35e-4,0,0
7,Frame_10,25.182778229082164,0.184087,0.043645,0.008551,0.02971,0.028784,3.6e-5,0,0,0.13107,0.178368,0.203668,0.274977,0.022937,0.242531,0.262329,0.037822,0.065053,0.044139,0.603216,0.46042,0.008546,0.004456,1.1e-5,0.017951,0.160102,5.8e-5,7050,0.120478,0.001219,0.018337,6.13e-4,3.67e-4,3.34e-4,1.6e-5,8.97e-4,9.5e-5,0.014115,0.060217,0.013001,0.173703,0.407527,0.286637,0.280451,0.008153,2.6e-5,1.7e-5,0.003621,4.7e-5,1.17e-4,2.05e-4,0,0
7,Frame_11,25.182778229082164,0.15474,0.034081,0.00917,0.034832,0.030077,3.3e-5,0,0,0.110572,0.168412,0.146833,0.212219,0.027943,0.235797,0.24333,0.035792,0.087743,0.062025,0.589583,0.474922,0.009623,0.004364,1.2e-5,0.01534,0.113993,5.2e-5,7051,0.06834,0.002568,0.023193,3.82e-4,2.42e-4,2.48e-4,2.2e-5,7.82e-4,1.01e-4,0.01814,0.070911,0.010413,0.104306,0.514078,0.364625,0.232657,0.005207,3.3e-5,2.2e-5,0.00289,5.2e-5,6.5e-5,1.13e-4,0,0
7,Frame_12,25.182778229082164,0.171705,0.036666,0.014995,0.027429,0.029077,4.7e-5,0,0,0.126402,0.17496,0.152891,0.219357,0.013711,0.351847,0.361011,0.021393,0.076482,0.058895,0.574515,0.452705,0.007433,0.004924,1.6e-5,0.024457,0.123997,3.5e-5,7052,0.076216,0.003796,0.024344,2.91e-4,1.59e-4,5.07e-4,2.4e-5,9.25e-4,1.61e-4,0.035523,0.05146,0.018957,0.138491,0.52463,0.380955,0.193647,0.006809,4.5e-5,2e-5,0.005215,3.1e-5,1.28e-4,1.55e-4,0,0
7,Frame_13,25.182778229082164,0.160241,0.029616,0.028619,0.026143,0.033494,4.7e-5,1e-6,0,0.14101,0.183183,0.15196,0.219594,0.01065,0.412448,0.414473,0.015653,0.07265,0.055517,0.543406,0.387899,0.0062,0.004811,1.1e-5,0.018133,0.144629,4.2e-5,7053,0.102896,0.006684,0.024895,2.33e-4,1.42e-4,4.81e-4,2e-5,4.72e-4,9.4e-5,0.050126,0.050171,0.014359,0.218937,0.368809,0.191572,0.365614,0.019897,1.61e-4,6.6e-5,0.004561,3.5e-5,3.73e-4,4.14e-4,0,0
7,Frame_14,25.182778229082164,0.187962,0.038571,0.018668,0.021735,0.028097,4.4e-5,0,0,0.137252,0.194643,0.15105,0.221833,0.009057,0.452156,0.454876,0.012155,0.073197,0.053983,0.56042,0.342351,0.006161,0.004173,1e-5,0.009104,0.15315,6.9e-5,7054,0.113927,0.010582,0.032937,1.21e-4,9.9e-5,4.11e-4,3.4e-5,3.42e-4,7.5e-5,0.059229,0.079119,0.008077,0.132037,0.246972,0.120432,0.397873,0.027502,4.34e-4,2.24e-4,0.001787,5.8e-5,5.75e-4,6.63e-4,0,0
7,Frame_15,25.182778229082164,0.140784,0.033458,0.053775,0.020505,0.027909,4.9e-5,1e-6,0,0.140793,0.207763,0.181166,0.250321,0.007461,0.499535,0.503678,0.008971,0.063769,0.04396,0.538846,0.296062,0.006179,0.003792,1e-5,0.007667,0.219193,7.9e-5,7055,0.20069,0.011429,0.020371,1.24e-4,1.1e-4,6.69e-4,3.5e-5,3.1e-4,9.2e-5,0.05753,0.051446,0.011483,0.159659,0.114286,0.035874,0.424948,0.063921,0.001075,5.52e-4,0.001542,7.4e-5,0.002625,0.002839,0,0
7,Frame_16,25.182778229082164,0.08768,0.028132,0.036176,0.040648,0.041375,3.5e-5,0,0,0.108078,0.187622,0.134095,0.200218,0.008383,0.441232,0.449311,0.01231,0.082368,0.053658,0.531215,0.297282,0.007451,0.003349,1.4e-5,0.004316,0.086776,6.6e-5,7056,0.079985,0.009439,0.01581,2.31e-4,2.72e-4,3.52e-4,5.5e-5,2.57e-4,8.9e-5,0.069082,0.124789,0.003232,0.047888,0.074799,0.01479,0.257336,0.032395,0.00242,0.002172,0.001374,4e-4,6.57e-4,8.77e-4,0,0
7,Frame_17,25.182778229082164,0.07186,0.024092,0.037823,0.044255,0.045872,5e-5,0,0,0.123566,0.191769,0.130378,0.191533,0.008569,0.447441,0.456382,0.011644,0.084826,0.057531,0.553501,0.301842,0.00659,0.002775,2.6e-5,0.005822,0.099396,3.6e-5,7057,0.107354,0.010261,0.014404,2.95e-4,3.77e-4,5.64e-4,7.3e-5,3.58e-4,1.58e-4,0.079723,0.120428,0.003007,0.028279,0.046037,0.007218,0.136888,0.036417,0.007709,0.007574,0.001553,7.29e-4,0.001501,0.001757,0,0
7,Frame_18,25.182778229082164,0.064449,0.022328,0.041406,0.042268,0.046213,4.2e-5,0,0,0.124273,0.180568,0.138701,0.194166,0.010525,0.418248,0.430661,0.012545,0.079875,0.053315,0.546904,0.300476,0.006527,0.002572,2.7e-5,0.007152,0.07242,2.9e-5,7058,0.072859,0.006562,0.019195,7.18e-4,8.24e-4,3.71e-4,5.1e-5,3.79e-4,1.45e-4,0.037614,0.109143,0.002873,0.028997,0.049419,0.005137,0.131029,0.032427,0.005295,0.006807,0.002194,0.001019,7.37e-4,0.001131,0,0
7,Frame_19,25.182778229082164,0.061019,0.018172,0.047571,0.043549,0.050354,4.5e-5,0,0,0.125944,0.180075,0.125337,0.175379,0.013447,0.39833,0.419051,0.011534,0.087139,0.061256,0.56443,0.288737,0.006496,0.002571,3.2e-5,0.008168,0.090396,2.9e-5,7059,0.093964,0.006191,0.017928,8e-4,9.04e-4,6.05e-4,5.7e-5,5.15e-4,2.01e-4,0.036757,0.112335,0.003685,0.026432,0.039721,0.003911,0.10209,0.036012,0.005971,0.008536,0.002319,0.001146,9.58e-4,0.001516,0,0
7,Frame_20,25.182778229082164,0.087824,0.016801,0.071897,0.039928,0.049727,4.9e-5,1e-6,0,0.147379,0.179203,0.118834,0.18119,0.017954,0.303958,0.309305,0.025023,0.091161,0.06871,0.578804,0.397731,0.005999,0.003526,1.6e-5,0.016627,0.136475,3e-5,7060,0.090401,0.001698,0.01221,0.003973,0.002402,1.96e-4,2.2e-5,8.27e-4,1.84e-4,0.030363,0.064244,0.004498,0.045332,0.514132,0.271461,0.223128,0.006854,7.4e-5,4e-5,0.012427,2.45e-4,9.3e-5,1.05e-4,0,0
7,Frame_21,25.182778229082164,0.078827,0.011611,0.061351,0.05342,0.067108,5.4e-5,0,0,0.142183,0.180342,0.113767,0.178294,0.024729,0.236547,0.248295,0.035223,0.103177,0.070865,0.624268,0.427877,0.006499,0.0033,1.9e-5,0.012365,0.103544,3.3e-5,7061,0.047363,8.39e-4,0.010336,0.01592,0.009581,9.2e-5,8e-6,0.001243,2.75e-4,0.024996,0.087075,0.001734,0.051172,0.630623,0.394865,0.174217,0.002806,4.6e-5,3.4e-5,0.018546,6.87e-4,4.1e-5,5.8e-5,0,0
7,Frame_22,25.182778229082164,0.090169,0.01474,0.049447,0.051346,0.054282,5.1e-5,0,0,0.135465,0.191107,0.111106,0.178665,0.034072,0.182092,0.19821,0.050177,0.113826,0.072184,0.659413,0.442957,0.006943,0.002969,2.2e-5,0.010371,0.087291,3.4e-5,7062,0.033615,0.00064899999999999995,0.015719,0.022013,0.013288,6.1e-5,6e-6,0.001503,2.81e-4,0.023653,0.159057,8.22e-4,0.049489,0.614429,0.405646,0.132233,0.001602,6e-5,6.8e-5,0.017698,0.00136,1.9e-5,3.8e-5,0,0
7,Frame_23,25.182778229082164,0.080668,0.012037,0.056907,0.04315,0.064184,5e-5,0,0,0.140369,0.164499,0.122417,0.187369,0.041221,0.16823,0.174359,0.049937,0.100629,0.067837,0.650383,0.454262,0.006351,0.003706,2.4e-5,0.017035,0.101657,2.5e-5,7063,0.05494,7.17e-4,0.024515,0.01134,0.00639,1.03e-4,7e-6,0.001793,2.52e-4,0.015732,0.132943,0.001324,0.056647,0.39847,0.252861,0.112083,0.002266,8e-5,8.8e-5,0.016189,6.75e-4,4.7e-5,8.2e-5,0,0
7,Frame_24,25.182778229082164,0.043057,0.007719,0.06968,0.053582,0.066195,7.9e-5,1e-6,0,0.120948,0.173846,0.154708,0.229705,0.038279,0.151519,0.174678,0.052282,0.082804,0.049005,0.658557,0.377484,0.007409,0.003003,4.6e-5,0.034187,0.131975,4e-5,7064,0.038795,7.09e-4,0.036275,0.005737,0.002849,6.48e-4,5e-6,0.005562,8.89e-4,0.010172,0.117569,0.002738,0.14379,0.126385,0.036347,0.108298,0.028353,2.65e-4,3.82e-4,0.01048,4.01e-4,0.001232,0.003634,0,1e-6
7,Frame_25,25.182778229082164,0.069689,0.009048,0.054661,0.04488,0.068112,5.9e-5,0,0,0.13294,0.168488,0.157693,0.232551,0.040958,0.157057,0.173163,0.053809,0.076513,0.051058,0.643673,0.425662,0.007079,0.003993,2.9e-5,0.047499,0.127584,2.7e-5,7065,0.055704,8.13e-4,0.040601,0.002178,9.79e-4,4.26e-4,1e-5,0.00358,4.64e-4,0.009635,0.082722,0.007457,0.104007,0.263306,0.160906,0.099842,0.006124,3.8e-5,3.5e-5,0.008537,1.13e-4,1.81e-4,3.99e-4,0,0
7,Frame_26,25.182778229082164,0.10478,0.009778,0.040767,0.037123,0.064323,5.2e-5,0,0,0.158825,0.169357,0.173956,0.248362,0.043311,0.154243,0.171962,0.056857,0.066823,0.048497,0.638342,0.448257,0.005964,0.004466,2.3e-5,0.063722,0.140643,2e-5,7066,0.073873,8.16e-4,0.041183,0.001798,7.09e-4,4.26e-4,1.8e-5,0.003183,3.65e-4,0.009339,0.068039,0.016139,0.07041,0.364182,0.253056,0.114505,0.004003,1.4e-5,1.1e-5,0.009473,5.7e-5,9.5e-5,2.03e-4,0,0
7,Frame_27,25.182778229082164,0.112291,0.009644,0.056394,0.042855,0.068161,5e-5,0,0,0.16504,0.189525,0.208,0.288727,0.046202,0.141552,0.166381,0.063994,0.057031,0.038331,0.629179,0.418368,0.006141,0.004221,1.5e-5,0.049891,0.162239,2.5e-5,7067,0.089552,7.71e-4,0.020352,0.002137,9.31e-4,3.11e-4,2.2e-5,0.002287,2.75e-4,0.010467,0.04956,0.019092,0.067846,0.524171,0.342526,0.200177,0.004614,8e-6,5e-6,0.007966,5.4e-5,9.4e-5,1.63e-4,0,0
7,Frame_28,25.182778229082164,0.116588,0.010415,0.051692,0.044642,0.068771,4.6e-5,0,0,0.164699,0.185241,0.217519,0.293603,0.050913,0.133565,0.155117,0.067412,0.054364,0.036894,0.623466,0.41937,0.006161,0.004422,1.2e-5,0.042109,0.15148,2.6e-5,7068,0.079773,7.65e-4,0.017155,0.00227,9.93e-4,2.31e-4,2.4e-5,0.001685,2.02e-4,0.010246,0.044667,0.018202,0.06249,0.624939,0.420463,0.256649,0.00497,7e-6,4e-6,0.00808,5e-5,8.7e-5,1.46e-4,0,0
7,Frame_29,25.182778229082164,0.112772,0.010361,0.044192,0.049533,0.074982,4.2e-5,0,0,0.166245,0.179798,0.229084,0.31048,0.055525,0.118763,0.148976,0.077119,0.051898,0.034518,0.624088,0.421156,0.006693,0.00477,1.1e-5,0.060274,0.191541,2.8e-5,7069,0.114304,6.79e-4,0.018471,0.001639,6.62e-4,3.63e-4,3e-5,0.00196,2.04e-4,0.006635,0.033916,0.04039,0.070801,0.531873,0.345648,0.254039,0.00479,4e-6,2e-6,0.006743,2.6e-5,9.2e-5,1.7e-4,0,0
7,Frame_30,25.182778229082164,0.094405,0.010414,0.038986,0.056767,0.070634,5e-5,0,0,0.160457,0.198751,0.244737,0.337777,0.041574,0.138361,0.18139,0.067995,0.051972,0.03151,0.649307,0.410195,0.007443,0.003862,2.1e-5,0.103985,0.262556,2.8e-5,7070,0.173219,6.33e-4,0.028256,0.00143,5.56e-4,9.51e-4,2.9e-5,0.004446,4.67e-4,0.003968,0.034812,0.051603,0.069202,0.245789,0.140562,0.140527,0.005597,6e-6,4e-6,0.005679,2.8e-5,1.99e-4,5.02e-4,0,0
7,Frame_31,25.182778229082164,0.087968,0.010578,0.02356,0.067674,0.076511,6.3e-5,0,0,0.15682,0.210779,0.272984,0.370293,0.035701,0.148469,0.196192,0.059078,0.047585,0.0285,0.659868,0.405508,0.007472,0.003233,3.4e-5,0.140666,0.29825,3.1e-5,7071,0.154247,8.2e-4,0.039909,8.02e-4,3.48e-4,0.001561,2.4e-5,0.008283,0.00102,0.005289,0.057589,0.026076,0.066763,0.144776,0.127668,0.092429,0.004965,1.2e-5,1.1e-5,0.003588,4.1e-5,5.6e-4,0.001431,0,0
8,Frame_1,25.862068965516684,0.498332,0.355566,0.002106,0.001282,0.001627,5.1e-5,0,0,0.232946,0.290991,0.126745,0.203784,0.01419,0.228206,0.283014,0.036934,0.09732,0.06542,0.727637,0.404893,0.003256,0.001302,1.15e-4,0.001186,0.459158,9.99e-4,2869,0.410163,0.005401,0.001012,1.48e-4,3.04e-4,0.001882,5.57e-4,0.002646,0.003343,0.006527,0.003612,0.050498,0.002261,0.013534,0.027306,0.006788,0.002325,4.3e-5,4.3e-5,7.9e-5,0.002226,4.26e-4,3.2e-4,0,1e-6
8,Frame_2,25.862068965516684,0.501755,0.357187,0.002132,0.00126,0.001619,5.1e-5,0,0,0.234755,0.292096,0.126779,0.203838,0.014031,0.230709,0.284646,0.036555,0.097458,0.06586,0.728314,0.409514,0.003236,0.001299,1.19e-4,0.001176,0.461375,0.001037,2870,0.40791,0.005211,9.71e-4,1.56e-4,3.2e-4,0.001885,5.33e-4,0.002772,0.003577,0.006157,0.003403,0.052136,0.002294,0.013119,0.027196,0.006361,0.002184,4.1e-5,4.2e-5,8e-5,0.00233,4.19e-4,3.14e-4,0,1e-6
8,Frame_3,25.862068965516684,0.502808,0.355248,0.002216,0.001253,0.00163,5e-5,0,0,0.235593,0.292886,0.127434,0.20495,0.014059,0.231386,0.285238,0.036646,0.097543,0.065749,0.729128,0.412558,0.003238,0.0013,1.18e-4,0.001184,0.462662,0.001043,2871,0.409628,0.004863,9.44e-4,1.7e-4,3.47e-4,0.001866,5.25e-4,0.002789,0.003563,0.00568,0.003253,0.055827,0.002315,0.013073,0.026079,0.006424,0.002154,3.8e-5,3.9e-5,8.1e-5,0.002374,3.96e-4,3e-4,0,1e-6
8,Frame_4,25.862068965516684,0.505307,0.3549,0.002226,0.00127,0.001656,4.9e-5,0,0,0.235256,0.292968,0.127038,0.205327,0.013922,0.233066,0.287038,0.036696,0.098729,0.06601,0.731511,0.415362,0.003269,0.001311,1.14e-4,0.001207,0.4646,0.00108,2872,0.409753,0.004013,9.4e-4,2.03e-4,4.08e-4,0.001851,4.94e-4,0.00283,0.003485,0.004795,0.00312,0.063214,0.002441,0.013337,0.025206,0.006656,0.002114,3.1e-5,3.3e-5,8.1e-5,0.002371,3.37e-4,2.75e-4,0,1e-6
8,Frame_5,25.862068965516684,0.511817,0.356329,0.002204,0.001265,0.001677,4.8e-5,0,0,0.235219,0.293566,0.129103,0.208989,0.013996,0.233656,0.287671,0.036932,0.098203,0.065125,0.732666,0.418623,0.00331,0.001319,1.18e-4,0.001213,0.471834,0.001177,2873,0.411263,0.003418,9.88e-4,1.96e-4,3.82e-4,0.002049,4.59e-4,0.003187,0.003772,0.003977,0.002975,0.074238,0.002697,0.012123,0.024403,0.005673,0.001867,2.7e-5,2.9e-5,7.9e-5,0.00226,2.96e-4,2.54e-4,0,1e-6
8,Frame_6,25.862068965516684,0.518974,0.36127,0.00223,0.001267,0.001659,4.8e-5,0,0,0.235019,0.295924,0.131073,0.211879,0.01427,0.234,0.287717,0.037297,0.097883,0.065292,0.733368,0.422326,0.003338,0.001321,1.3e-4,0.001155,0.486842,0.001314,2874,0.415869,0.003298,9.54e-4,1.55e-4,2.93e-4,0.002685,4.46e-4,0.003529,0.004287,0.003304,0.002414,0.094064,0.00297,0.008653,0.020964,0.003864,0.001587,2.8e-5,3.1e-5,8.5e-5,0.002143,3.01e-4,2.62e-4,0,1e-6
8,Frame_7,25.862068965516684,0.521865,0.366832,0.002228,0.001262,0.001635,4.8e-5,0,0,0.236226,0.296975,0.134249,0.215919,0.015321,0.219989,0.278568,0.039961000000000003,0.095847,0.064226,0.730157,0.424153,0.003321,0.001335,1.3e-4,0.0012,0.487063,0.001256,2875,0.417387,0.003382,8.92e-4,1.75e-4,3.31e-4,0.002651,4.54e-4,0.003461,0.004369,0.003331,0.002281,0.092416,0.002791,0.00884,0.019854,0.004041,0.001636,2.9e-5,3.1e-5,9e-5,0.002187,3.1e-4,2.7e-4,0,1e-6
8,Frame_8,25.862068965516684,0.519558,0.364581,0.00233,0.001287,0.001646,4.9e-5,0,0,0.237256,0.299776,0.13521,0.217725,0.015523,0.217351,0.276262,0.040306,0.095296,0.063766,0.729631,0.42529,0.003287,0.001319,1.33e-4,0.001218,0.491869,0.001268,2876,0.416213,0.003406,9.07e-4,1.87e-4,3.44e-4,0.002674,4.05e-4,0.003601,0.004725,0.003364,0.002146,0.090025,0.003023,0.008704,0.019407,0.003888,0.001547,3e-5,3.1e-5,9.8e-5,0.002047,3.12e-4,2.71e-4,0,1e-6
8,Frame_9,25.862068965516684,0.510727,0.362915,0.002411,0.00132,0.001632,5.9e-5,0,0,0.236593,0.300012,0.136905,0.220046,0.016108,0.209219,0.26909,0.041158,0.093122,0.062458,0.727566,0.424872,0.003207,0.001272,1.64e-4,0.001078,0.51431,0.001444,2877,0.417665,0.005052,0.001205,1.41e-4,2.48e-4,0.003025,3.23e-4,0.004617,0.007116,0.004588,0.002377,0.0667,0.003454,0.007829,0.018355,0.003026,0.001268,4.8e-5,4.8e-5,1.09e-4,0.001823,3.94e-4,3.26e-4,0,1e-6
8,Frame_10,25.862068965516684,0.49885,0.357154,0.002476,0.001415,0.001677,5.9e-5,0,0,0.23865,0.299185,0.137685,0.22017,0.016924,0.200895,0.261628,0.042469,0.092253,0.062355,0.725477,0.426279,0.003174,0.001273,1.63e-4,0.001101,0.511543,0.001361,2878,0.414692,0.005246,0.001208,1.49e-4,2.61e-4,0.002846,3.08e-4,0.004548,0.007212,0.004817,0.002392,0.060704,0.003472,0.008049,0.018236,0.003126,0.001284,5.2e-5,5.2e-5,1.14e-4,0.001852,4.18e-4,3.43e-4,0,1e-6
8,Frame_11,25.862068965516684,0.48652,0.347855,0.002517,0.00151,0.00177,6.7e-5,0,0,0.239165,0.297876,0.139017,0.221756,0.017062,0.197824,0.258966,0.042656,0.090425,0.061331,0.721996,0.424669,0.003128,0.001256,1.91e-4,0.001,0.52516,0.001496,2879,0.415239,0.007205,0.00145,1.16e-4,2.01e-4,0.00313,2.78e-4,0.00533,0.009719,0.006185,0.002633,0.049061,0.003621,0.007426,0.017962,0.002562,0.001118,7.3e-5,7.1e-5,1.19e-4,0.001831,4.84e-4,3.85e-4,0,1e-6
8,Frame_12,25.862068965516684,0.466419,0.335804,0.002698,0.001732,0.001865,6.7e-5,0,0,0.240729,0.299347,0.144227,0.227769,0.016828,0.199151,0.26022,0.042167,0.087472,0.058994,0.719045,0.425638,0.003129,0.001252,1.8e-4,0.001103,0.522158,0.001315,2880,0.411142,0.006754,0.001401,1.34e-4,2.3e-4,0.002713,2.73e-4,0.005055,0.009033,0.006371,0.002654,0.043756,0.00351,0.00799,0.018854,0.002852,0.001134,7.2e-5,6.8e-5,1.28e-4,0.001798,5.03e-4,3.86e-4,0,1e-6
8,Frame_13,25.862068965516684,0.424528,0.301089,0.003712,0.002028,0.002122,7e-5,0,0,0.237454,0.296481,0.159382,0.246698,0.016189,0.197776,0.261802,0.041625,0.077981,0.051201000000000003,0.703162,0.410528,0.003179,0.001284,1.71e-4,0.001209,0.521409,0.001205,2881,0.403777,0.00747,0.001698,1.12e-4,1.92e-4,0.002394,2.89e-4,0.004822,0.008207,0.008368,0.003453,0.02981,0.003305,0.009679,0.026238,0.003331,0.001244,8.3e-5,7.5e-5,1.19e-4,0.001511,6.24e-4,4.38e-4,0,1e-6
8,Frame_14,25.862068965516684,0.361918,0.242058,0.00465,0.003334,0.003302,4.3e-5,0,0,0.220126,0.28874,0.210652,0.308859,0.016018,0.193725,0.26571,0.045142,0.06083,0.033756,0.661337,0.349261,0.003878,0.001562,5.8e-5,0.001944,0.492401,8.22e-4,2882,0.459795,0.001546,0.002906,1.54e-4,2.25e-4,0.001045,4.21e-4,0.001984,0.001322,0.00371,0.005812,0.047742,0.004254,0.023745,0.04254,0.016956,0.003634,2.4e-5,2.6e-5,7e-5,5.21e-4,2.51e-4,2.95e-4,0,1e-6
8,Frame_15,25.862068965516684,0.237135,0.12943,0.008054,0.006195,0.007096,5.6e-5,0,0,0.183836,0.275728,0.260054,0.38437,0.014175,0.177951,0.262735,0.043064,0.047988,0.02014,0.606542,0.266451,0.00458,0.001813,4.8e-5,0.001676,0.443866,9.55e-4,2883,0.358601,0.003285,0.00395,1.3e-4,2e-4,0.001058,4.69e-4,0.001244,0.001026,0.011537,0.010692,0.018842,0.004001,0.047428,0.073369,0.050276,0.01102,5.5e-5,5e-5,7.2e-5,3.86e-4,0.001017,9.32e-4,0,1e-6
