value,browDownLeft,browDownRight,browInnerUp,browOuterUpLeft,browOuterUpRight,cheekPuff,cheekSquintLeft,cheekSquintRight,eyeBlinkLeft,eyeBlinkRight,eyeLookDownLeft,eyeLookDownRight,eyeLookInLeft,eyeLookInRight,eyeLookOutLeft,eyeLookOutRight,eyeLookUpLeft,eyeLookUpRight,eyeSquintLeft,eyeSquintRight,eyeWideLeft,eyeWideRight,jawForward,jawLeft,jawOpen,jawRight,mouthClose,mouthDimpleLeft,mouthDimpleRight,mouthFrownLeft,mouthFrownRight,mouthFunnel,mouthLeft,mouthLowerDownLeft,mouthLowerDownRight,mouthPressLeft,mouthPressRight,mouthPucker,mouthRight,mouthRollLower,mouthRollUpper,mouthShrugLower,mouthShrugUpper,mouthSmileLeft,mouthSmileRight,mouthStretchLeft,mouthStretchRight,mouthUpperUpLeft,mouthUpperUpRight,noseSneerLeft,noseSneerRight,X_neutral
centre,0.06787644927198397,0.05927707689138615,0.19308582657363121,0.20687774842123804,0.208387604403695,9.910323118335508e-5,3.540880736265044e-7,3.0055533877432254e-7,0.19000288140670119,0.17980505860041357,0.22488422985352263,0.24650677609603622,0.07804195803268907,0.22010945000658522,0.2272822776711225,0.08330193959197245,0.12199548456317068,0.10333156133062697,0.4103241718575347,0.36252077184920733,0.012782761534466898,0.013951460341947683,1.524545938730769e-4,0.011029535527671806,0.42860771132865844,0.00396949518129041,0.2309698772101455,0.02438690523884585,0.02647972842241169,0.002701070061321061,0.0034049429275225763,0.006201570672015205,0.01208030002580356,0.00543587231337886,0.006250549928427215,0.04153152541515795,0.03595279604579476,0.17807450873057148,0.0053202493472358295,0.05895491824460546,0.07175616472016885,0.03632163835000976,0.008476854517867482,0.034283223258297496,0.03317992850779269,0.004466485303554865,0.006317499486825436,0.006412010914311412,0.006536951541077384,4.899182976406516e-7,5.36180265751189e-7,2.1336145288254234e-6
PC1,0.005732140037875751,0.004730074447008925,-0.01798865228355152,-0.013832681397785561,-0.010538328542958652,1.6248972356411267e-5,4.437691670204883e-8,7.187554136452451e-8,0.013511467745883101,0.009779136029701476,0.016441379583706252,0.012808312678754711,-0.001337352095259374,0.00467621883953,0.003518476911049779,-0.0031560909998338666,-0.0092685168257384265,-0.007444086278188856,0.00770832424610321,0.007412135256951292,1.4994587233171269e-4,-0.0011515351632591672,2.447744577708629e-5,-0.0014530357868594566,-0.031199772760519478,-9.256118910137663e-6,-0.027329535511090686,0.004273526317628319,0.0017507131796943775,8.166756547688874e-4,0.0012280948758796352,-2.220481432081151e-4,9.341399663862188e-4,3.2686595134448726e-4,9.9910836604349e-4,0.010892318177015059,0.004881695406750972,-0.03744350723208412,3.843604175897207e-4,-0.005092686581036487,-0.007962567411289239,0.002359044017040646,0.003185217865617429,0.017037098852446315,0.015321194761993779,0.0018689194669888837,0.0029063339477691155,0.00317303646942878,0.0032308800383807953,1.364617056958476e-7,1.6230160077609444e-7,3.437941029776113e-7
PC2,-0.0017382645350842122,0.003406456549084449,-0.007591481892265669,0.006067787824317186,-0.002562566623810816,-1.4821168795997475e-5,-1.5398317602440102e-8,-4.11415818100967e-8,0.01906466684959235,0.028005279250642712,0.026486578383602435,0.03624821519380876,-0.012416832881142932,0.015615687500801735,0.013459374515420336,-0.013970077684240006,-0.014575937921947968,-0.019114079654055285,0.00865801671910987,0.009314405547692476,-0.0012690512328067814,-0.0029976126391953882,-2.358318663932837e-5,-6.243232889025014e-4,-0.033987799749396246,-2.3354386661925488e-4,-0.014963442515173467,-0.004233177741284965,-0.001891500083053332,0.001493766817575465,0.0020870142422572562,-4.4623916152615765e-4,-5.996877154481437e-4,-0.001143480372544695,-0.0014451436501576509,-0.0053600337205218455,-1.2296710799839227e-4,0.006109484228950437,0.001672834021694504,0.006915621443325281,0.0025293446421672215,0.01223031473105897,0.004171377743117925,-0.007804857316289836,-0.007035631014976303,-2.0091469519805972e-4,0.0011118400233424467,5.814929086990628e-4,5.913937710965063e-4,1.358775851130954e-7,-3.331468931428104e-8,-1.0311375124973691e-7
PC3,0.02511901531105041,0.02246868209190621,-0.052190415414556705,-0.05776418435945018,-0.05865980229727505,2.819590904219557e-6,-6.800938756937105e-8,-8.274040177687772e-8,0.01659511834104217,0.020656794258429173,5.653079751423835e-4,0.00225183842994811,-0.0014644851754646744,-0.011687721378404048,-0.011480975779619082,-3.572520064098289e-4,0.0034227772378021557,0.001254529168472774,0.036793922494776296,0.03918527402420455,-0.0038256439539251634,-0.00394010677493901,6.024436324814744e-6,2.0377185556026816e-4,0.007584928844202032,-5.519877422054892e-4,0.018100959934079102,1.2447131632395173e-4,0.0030378379124023644,-6.940166845758748e-4,-0.001139054180010746,-2.2248940487349243e-4,-5.762035447249578e-4,2.825372601911764e-4,2.1094122483604708e-4,-0.001237538900576332,0.0019996388820757555,-0.004281610369191483,-6.349596420815446e-5,-0.0022595790611463656,-2.6449377926218313e-4,-0.0028662211225265258,-0.0024698367941507426,0.0022782419705894134,0.0027922114554981216,-8.399289428973357e-4,-0.002082180093786592,-0.0011328370455282928,-8.741804762722002e-4,-1.7884365652911407e-7,-4.5553729652461044e-8,1.0407718840890028e-8
PC4,-0.016048053576272894,-0.01709395729283496,0.033655416803302335,0.03575871767345364,0.033452242133310606,7.551886804762476e-6,-3.718179803561364e-8,-3.5483692923818545e-8,0.019758954406053207,0.017447278704838524,0.040940063648355285,0.038596749463897025,-0.00449172504768719,-0.0035279696093813376,-0.004418824273186501,-0.004698779154953151,-0.024625804181484027,-0.02199644712040458,-0.01307806749040376,-3.0514497778424775e-4,-0.001993797485979943,-5.66511393501283e-4,1.054631956033292e-5,5.382560543947055e-4,0.02033233077317478,-5.214915355526774e-4,-6.622768032530545e-4,0.002784185257803043,0.005582556980260618,-0.001537348990818469,-0.0023794197170105714,8.428866752214745e-4,-0.0028508290161750978,5.079511683036052e-4,4.356405412887263e-4,-0.0021752921090443553,0.0015688062887606702,-0.018648756791470596,-0.0012558966688549131,-0.010425910247232502,-0.005732390448672692,-0.008633932709694656,-0.00396489647366286,0.003453513103004001,0.004339523774113159,-7.937582556061964e-4,-0.0022584919912605537,4.470393777318559e-4,8.338604545792983e-4,-1.1488160333702672e-7,-5.974895544742223e-8,-3.699726655221851e-7
PC5,-0.0042668090122085,-0.010337401457985139,0.008032975354075777,8.956827380701364e-4,0.021783862551030226,-8.67220007187572e-7,6.847864611442977e-8,8.531567698894806e-8,0.020520164044861983,0.008566428963923522,0.021053946719183984,0.016409197678453634,0.01399427982772692,-0.028857767887621875,-0.03409173988958395,0.012645959519544777,-0.01480834406500067,-0.007549104146851798,0.00905806464946104,0.013564184824285095,-9.85623757608709e-4,1.8122821376557213e-4,-7.535614990596539e-6,6.774468122318143e-4,-0.007674228941824921,3.252203452641178e-4,0.001569364259292438,2.361020514878744e-4,-0.005456580985065275,7.357429976167952e-4,4.275384158728031e-4,-0.0016342190425023024,0.002530139818412271,-5.051107976873459e-4,-1.2827391897681284e-4,0.010624594810887495,-0.0010719662992338334,-0.005937700340878224,-0.0019057955349724082,0.017424651725880105,0.013949841759647561,0.004439409450475563,-0.004573858813241573,5.558020366550105e-5,-0.002729731106280663,0.0011352179113714902,-0.0021153021122460205,-0.0026011758308371728,-0.003210797169235244,-1.2608216626763178e-7,3.775820712032546e-8,3.6667646814825654e-7
PC6,4.38814720697537e-4,0.005314538917426785,0.0021883726917978114,0.004143974273478424,-0.0033879947796823674,-3.757727806576348e-6,-6.495733638135384e-9,-6.690252330904672e-8,-9.162376112280329e-4,0.001733973646906212,0.003596459012204159,0.007313194572583616,0.02185949308621057,-0.0421444594802134,-0.039035253734620454,0.022797856142860576,-0.0022075013443232368,-0.0030535504356910283,-0.0033508533190988385,-0.009426094002588026,-2.635776268033618e-4,0.0012420548627434783,-3.776578916082182e-6,0.005067376946151835,5.015431022715277e-4,-0.0014908578681722367,5.54109733916417e-5,0.001250957284252475,0.006688680925546656,0.0018513503891972557,0.0027660998424899955,0.00128337960456439,-0.0016567691954038379,3.564626389886247e-4,-3.937128978241283e-4,-0.006951574531717442,0.004859942138875715,1.7639277592406156e-4,0.0020105520179971043,-0.006557246237348735,-0.006165733047928366,0.007852054051258274,0.003862447595015679,-0.003622782295389318,-3.2128289818476326e-4,-8.07264393754573e-4,0.0022673465606285158,9.453856488178723e-4,0.001796976878046035,8.71885284124851e-8,1.739468160225202e-8,-1.5428980862164762e-7
PC7,-0.017274225359927432,-0.004387171001217102,0.014653536774279373,0.011094870408518608,-5.027436001850608e-4,1.9263120380738307e-6,-8.103027959426152e-8,-8.389259470881219e-9,-0.006241184715960687,0.01060401090156014,-0.02120523798231328,-0.002289286824193354,-0.004906287026326078,-3.602545335465382e-4,-0.006750008082775253,-0.0062615430044813646,0.013269107722724854,8.155473195714384e-4,0.019691004312771668,-0.010179029833454112,5.614761808091e-4,-0.0012562065281445343,1.4792840566800292e-5,-0.0015479159058485535,-0.003399726591938584,-0.0013432842372301755,-0.0027348136163158443,-0.00406629646492306,-0.005608232604763249,0.002704778581700361,0.0034163422023389543,-0.0014366129406563485,-0.0012734283680785707,4.55754960459503e-4,5.037230969096677e-4,0.002540658109464592,0.007916202757670394,-0.05529044151420429,-0.003489691475684949,-0.015060527594512062,-0.016194227884231537,-1.293311156186361e-5,-0.0013280443495077294,-0.005649437185460375,-0.005604360763850258,0.001156937013009015,1.3789910097452394e-4,-0.003296743071128919,-0.0039019447821525954,1.2318162967922231e-8,2.782078615701789e-8,-3.506336728486128e-7
PC8,0.0035671805370656217,0.004753984065057162,0.032855348620384875,0.010244190190280753,0.023590424013965657,3.585597564864993e-7,1.0986311748854475e-7,2.6478931896891093e-8,0.01403666119451737,0.01409119326188148,0.00440880749561875,-4.0149994515636136e-4,0.0029684128836936293,-0.0046159435115211474,0.004026475312042038,0.005084545260755597,7.139620916218167e-4,0.0043641361006658014,0.019283419285920738,0.015277743228729808,-0.004745835803617356,-0.002148250202335754,6.093101918827781e-6,-0.004056022735164976,0.040313425715807066,3.2074196590323455e-4,0.041608460054892535,0.0029848242295885574,-0.003745360224229398,6.163969915731815e-5,9.527774886884238e-4,3.7701007256440153e-4,-0.0027367448542196327,-2.3821327234376926e-4,3.982854489094161e-4,-7.762933099463573e-4,-0.018898998532843485,0.020067419697783122,9.103863843993267e-4,-0.013412321211330463,-0.013354383471691048,-0.00900143958079083,0.0027544676330398753,-0.003964583290772618,-0.006978098169115038,-9.361182173325458e-4,0.002955238132304397,-0.001139559824856379,-0.0020655723996867523,2.3096715759427976e-7,3.484312379248798e-8,2.2056028669126792e-7
PC9,-0.002517852621802252,-0.002781040531486292,-0.00938860546795309,-0.005194613668400768,-0.0070250130436010465,8.797676524051646e-6,-1.0479706193298543e-8,-1.076931330163484e-8,-0.020010597506785063,-0.013449948540383614,-0.011871964373929756,-0.010967934940244234,-0.005745147312422296,-0.007394485340720944,0.005068567212183609,0.002057696656149406,-0.006218961448990001,-0.007422229930756051,-0.006110248472789483,-0.02378749995108075,-0.009580518197235401,0.0010373239185248828,-4.80974748610186e-6,-0.0012365539996072462,-0.017968461982191954,2.063867453561107e-4,-0.0235199551254018,-2.023362245929018e-4,-4.2378427757231487e-4,4.894327508666151e-5,3.5003340413938247e-4,-9.368794439714935e-4,-0.010988654325389605,-2.9056965038747924e-4,1.1259332283545073e-4,0.006287489256718563,0.002503401685819288,-0.02109074146475713,0.0012671719637483178,0.00931851252240964,0.0071614691329796535,3.360916119931933e-4,-0.0011780169546149633,-0.001068855928802083,-0.0010395594354885849,-0.003199784352871287,-1.8299042922565326e-4,-6.860467267619274e-4,2.352913879738491e-4,-1.2589686266173314e-8,1.2477763209198886e-7,1.843162324238461e-7
PC10,0.0020705681996378168,0.003414929646194441,-0.04228052009358172,-0.0108397318011602,-0.011037652433312228,-6.963923124542828e-6,-7.029668837052459e-8,4.04417765601114e-8,-0.004464776786117741,-0.004934821170494174,-0.001307154237835647,0.0013749744925777988,0.011795266020949735,-0.0032555982020189525,-0.004242988901523791,0.01190667757387109,-0.0034397626160129246,-0.007074624406420357,-0.009422941570970683,-0.026989172629128845,7.487213659218541e-5,-0.0013402222958251954,-3.4554570477308246e-6,-0.005971811962905983,-0.045451915305817235,-1.1712623456632709e-4,-0.035489752484371036,0.00474363204976632,-0.0018167921857983724,-0.001150314564782352,-0.0013803440847292288,0.001949864541406786,0.0018921947716277004,-0.00167955265001147,-0.0012384829090856667,0.004953835209774502,-0.004750532757283882,-0.005816671834706047,-0.00417648199002281,-0.01222813375375955,-0.018149063033926674,-0.008007516304161848,-6.895729785607089e-4,-0.0024255989364267883,-0.0026582533422639717,-4.0952579908937425e-4,-5.322692975606752e-4,-3.8092081568624775e-4,-8.488729491634053e-4,7.129311294263162e-9,-2.633533082339447e-8,4.930300141088544e-8
PC11,-0.015266802198460196,-0.011883327522828918,0.007397063751356599,2.616909678311922e-4,4.1589208231386884e-4,6.415774765484525e-6,7.767212161884354e-8,-4.589571002187687e-8,-0.0012228546231591707,-0.0037404576212187765,-0.013144629146848736,-0.01614414758373497,-0.0044831969783471915,-0.008541777960271755,-0.011087589885787388,-0.0034262450347778664,0.0056691050371932596,0.00635174535197794,-0.001733312654788436,0.0071852699885167,-0.001339989013680185,-0.0016380741254752387,-2.0304576228082737e-5,-0.008360062259196763,0.027072606715591543,-4.3456370122433945e-4,0.0379972919664103,-0.005096194561257022,0.0038188483331760992,0.0017337782358024132,0.001786145728694398,4.2476010449376015e-4,-3.2257929670224245e-4,-6.838856380887861e-4,-0.001015429861448182,-0.002143056023608471,0.001991887017415788,0.005759942756528983,-0.003788855440335454,3.1971457869975367e-4,-0.006887540964997476,0.004423346971553201,-0.0020453758456504267,0.006067168907539021,0.00739654777254698,4.7432300238377435e-4,-0.002843002439759132,0.0037015693109264747,0.0054958201324752385,-1.659497668106453e-7,3.053557265343084e-8,2.0210797338147646e-7
PC12,0.008756436184388901,0.011072435899944229,0.02260611067453633,0.0174468301514871,0.011298434888065634,1.2129143548550126e-5,-1.0439614101667908e-7,6.774200071269958e-8,-0.026281057653291914,-0.008164246461543243,-0.010442107382559759,0.0016932297820547726,-0.008876185545399495,-0.012184022105453813,-5.240096732108308e-4,-0.0043016760229471354,-0.01134330198801776,-0.015244576900605038,0.011945261279566556,-0.009775058344591744,6.573303166425246e-4,-0.0011680025919976822,1.4424326536584347e-7,0.0014562020216662879,0.031400128380744415,-0.00375855444719699,0.03997009466337857,0.0012857346834877093,-0.0012474370113909469,-0.001532867693138666,-0.0016755276229072965,-7.058058849964606e-4,0.004349556176510582,-8.730778791708216e-4,-8.702018652357143e-4,0.0046724330376650275,-7.834792618517959e-4,-0.008264994749140562,0.001432956731144806,0.001599392550143161,0.007269775039870505,-5.021263515085163e-4,0.0016497375654465354,-0.0028835063333717222,-0.0029802741248754275,-1.3630489203023043e-4,0.0014278209015954142,8.611419277961953e-4,9.045299174637226e-4,-2.1952838496380166e-8,1.0923097382054753e-7,1.5394662850475852e-7
PC13,-0.006992857092710811,-0.012890774086287223,0.020523685049511558,0.006561800009253818,0.009788231223186622,-8.969584093817421e-6,1.076540235268066e-7,-7.469102730528611e-9,0.013250277429048433,0.005479183774660332,-0.0047953853640766864,-0.007133991857764728,0.005251080000665722,9.358341983872374e-4,-0.0010207928660555066,0.0030098563711614132,0.019240363040048693,0.015751769009455276,0.0015540670062221345,0.01711973025452467,-0.0027739240764355026,-5.402205029869039e-4,-1.036095902191057e-5,0.0028833961012358156,-0.03388869619917737,-0.0010541919843751052,-0.005394644369988004,-0.005563077982428124,-0.0013851043742073579,-0.003050829692776448,-0.0044660037456824096,-0.0014332927369582926,2.341630433283426e-4,-2.535314620250927e-4,-7.941542567521058e-4,0.0033593186101835747,0.014459679966635414,-0.033914741159370876,0.0032838435191822305,-0.008470864087903079,-0.020561761171073677,-0.0010974410242493848,0.0017349540624143412,-0.0026090643413880315,-0.003138626358722944,6.827478166364259e-5,7.528324757563896e-4,5.076407449578545e-4,8.841918763354633e-4,-3.840961647733823e-8,-1.9167667390264322e-8,1.9044054160235248e-7
PC14,0.025808138147806473,0.011574027943378685,8.447182887416721e-4,-0.0027677954013241883,0.01632117983243188,-2.9493234193454673e-6,4.441514040620895e-8,1.3454157557184147e-8,-0.005803782663498783,-0.03587854943533409,0.011517674827770635,-0.015423321471528277,-0.00801749559332801,-0.0034276995136884557,0.0018879324309255584,-0.00815804157265807,-0.024485652987755395,-9.859811661614812e-4,-0.019656001832452072,0.029609334473049403,0.0010799860664687608,0.0016099582193327812,-8.19926697296857e-6,0.0014535651637040152,0.003694766128966528,7.690663543113224e-4,-0.006166361503726487,0.004982070700720677,0.007522112855639754,0.0014793197444879513,0.001994023095148211,-0.0011218190296771254,7.768438399178537e-4,4.2779372274877725e-5,-5.414328952545993e-4,9.943130750963208e-4,-0.0031897727908540003,-0.06075476736300675,0.0014325956725772927,-0.010178655863422141,-0.01569564161246169,-0.002495481111116283,-0.0013311415754736324,-0.014022370625559059,-0.015094362370807671,3.999705375290828e-4,-0.002904580384981783,4.6738120728925423e-4,-1.4053388741443679e-5,-8.671057306576809e-8,-2.499666813575119e-8,1.7815787373332887e-7
PC15,-0.027206335594106037,-0.03555077598943957,-0.050624081416932476,-0.05458472067712717,-0.034305814307059486,-5.163078185909399e-6,-4.7170704193373364e-8,-1.2337792957774552e-9,-0.009983698099958974,-0.01699436350099167,0.0018293634221500964,-0.010925313185472553,0.008212890754084008,0.004545113098073696,0.01276826033245719,0.01088649458240182,-0.030574135598337906,-0.016729282309474913,-0.01004167267805934,0.009358080227594727,0.0010039458748419368,-0.0026639134035536523,-4.208358215251169e-6,9.927640370233966e-4,0.026053698578608772,6.813769281104321e-4,0.02130322614040448,-0.007333138159019473,7.514728754560757e-5,-2.63081249234475e-4,-2.2049037801971777e-4,-7.123488407704081e-4,6.17752456365115e-4,4.1208288526962305e-4,1.5002613810044218e-4,7.839710016147186e-4,-0.004941000808593345,-0.0011083430343961165,0.002613195449907966,-0.006479069931141768,-0.003156666038620541,-0.00511822052853496,0.00151584261199293,-0.003964897301564132,-0.002205844555918915,0.0012153732006713138,0.0015927270786418354,-1.8692548863794725e-4,-1.6850215285418388e-5,1.3351681044714653e-8,7.860753061438399e-8,-1.3118138230929979e-8
PC16,0.015867505852045636,0.02222482586709921,-0.001225995124918746,0.016075721203194667,0.005892493649083136,7.214076588114305e-6,-4.586599455281255e-8,1.3989946275277444e-8,-0.005343895765536293,0.02412336767449764,-0.00247364698027672,0.014605059303487425,0.011626674443360624,-0.0036236399621077165,-0.005799163426822239,0.011055934436726846,-0.007043825070339126,-0.008052926570334545,0.0027561534110641488,-0.009139673599110085,0.0036978171746584955,0.001618677082907196,1.2818923294657527e-6,-0.006065071882061305,0.025536550039816034,0.0027349984479754863,0.01771165654045789,-0.007293722334957326,-0.0015401496986135218,-0.0013423725996096157,-0.0017441603105863336,-0.0018593129206333065,-0.0018235842976706267,2.141182077556228e-4,1.6647004772953725e-4,7.27711978983713e-4,0.0094622236927151809,-0.025716189004240688,-0.0019504869656161402,-6.367135725541528e-4,0.0036123437310921144,-9.916737623811333e-4,0.0021948184600056775,-0.01302922039415163,-0.009102908473102942,-3.8832620741370224e-4,0.0011097898553426978,0.0027805189150058207,0.0027168854122291424,7.069740079469192e-8,-1.1707892287134777e-8,-1.4323036161456637e-7
PC17,-0.0019258366336826344,-0.003321446872082459,0.006488000292258095,-0.01044617052623889,-0.0027103501613254554,-1.0838510822847192e-5,-7.631528846758042e-9,-3.4752438421303904e-8,0.0045224804208617376,-0.016946158146174558,0.005056724438656837,-0.011698092849488998,-0.01321834070542144,-0.04357735875692033,-0.03187269372446497,-0.01207157549313671,-8.752794859855937e-4,0.0091458381334206,-0.019972737902268604,0.025739170300338517,-7.905808551922537e-4,-7.492476869316562e-4,4.949459894632771e-6,-0.002639383187042407,-0.03234367585527884,-8.166267840958997e-4,-0.032132803106861306,-0.0034659381423504548,-0.0031955264780533835,-0.0011129610914634525,-4.8583760728756e-4,-8.998437498476709e-4,0.0018059176497956873,6.143166298157487e-4,6.128715140646952e-4,-0.0028642737531037674,-0.010106723684193367,-0.004065302211087055,-0.003316669995364055,0.005947926600447727,0.013143610090377213,-0.013258890571416961,0.00273908298996,-0.0036646548041156064,-0.0037010974824993274,-3.2604703467051526e-4,0.002125976460788183,0.0019161756842213838,0.0023561132872236346,1.5397002128625102e-7,2.500227672118005e-8,-3.0172657880483225e-7
PC18,-0.022180455408103678,-0.020096553352606596,-0.01685992655492329,-0.007783849963721506,-0.019565231713305348,4.398906673397346e-6,-4.372319233274041e-8,1.7851322355354242e-8,0.010217839487507171,0.016746630323022326,-0.012901681206684418,0.0038296913393355593,-1.858539536915329e-4,0.01028955998146179,-0.0015709238407404938,-0.0024681455679830973,0.014147778236815218,0.00524434941026619,0.014703865420927437,0.0017431127604972984,-8.12032322009122e-4,-1.38092737678587e-4,-9.90836457578767e-7,0.0037381334672143534,0.005212654450461617,1.5395996235415284e-4,0.0047429569253404,0.011584002092568125,-0.002656752668390485,-3.073339563389011e-5,-5.6829083945312514e-5,5.981531217464733e-4,0.0022881512805753065,3.7399186423030055e-4,0.0010727995132927494,0.005442180402526636,-0.0012634990209262136,-0.012868875032794241,-0.0019468803960013149,0.004604215865080365,8.053877233683452e-4,0.006939795986080944,0.0010867861357400446,-0.020751423668370603,-0.02143048628883849,-0.0017345207762588287,-0.001757143239020147,0.004139650137686295,0.0032109763127986515,1.964148472125673e-8,-7.2916753629415045e-9,2.2323066176984324e-7
PC19,0.014780505253504625,0.010033911943158043,0.009714363710123726,-0.00790582476669357,-0.0030576271261065543,2.478403059022348e-7,1.1568983414682347e-8,-1.2664296275662854e-8,0.005661824726101555,-0.014925395960625304,0.0059476877915170655,0.006724626666369446,0.009862387987711559,0.02906309410502736,0.013516486519548359,0.006103528627404611,-0.006178825422619158,-0.007339071921870035,-0.006101011117503009,0.0037354967490352063,-0.003444497674827281,0.0017461562165304158,-5.4533683041352715e-6,0.009740105110100377,0.006097981294441674,-4.395570592589582e-4,-1.8293861369935014e-5,-0.005250223161718395,-0.010379220188649462,2.917179863358935e-4,3.594765573859109e-4,-8.489301828153143e-4,9.627188776521246e-4,1.3415569116194368e-4,-1.4755139454279833e-4,-0.010099173266619646,-0.007069992081616917,5.462989942106424e-4,-0.006878957716644002,-0.0032613859246599314,-0.010755762627376741,2.387273751088058e-4,-0.0012670927956776009,0.007516093881307177,0.004384043037507541,-0.0010837922072582844,-1.3758283595377926e-4,0.002145196394716046,0.0020900639612387714,-3.132823798389998e-8,7.399323913540039e-8,-2.357376355715652e-9
PC20,0.004014621719026213,-0.0032604941213564796,0.006947055745059797,-0.011338770989982509,-0.0023843378721646064,-1.120625083874731e-5,-5.8225691820059855e-9,-1.698153773357268e-8,0.010776495298339031,2.1378111854110227e-4,-0.0013699528298410442,-0.019186221830957407,0.0014738854715283395,0.012214764296737419,0.014916548454709149,0.002082848164858078,-0.014155149567589053,-0.004621473933579798,-0.039094455220461635,0.020938909185980677,-0.004251156359251632,0.001289861335919849,-5.237314877213249e-7,-0.003732635255458645,0.01583149350159975,-6.314236596378318e-4,0.022848704423944096,0.007103839614393084,0.002776959578927001,3.4784799590084625e-4,8.14538014764795e-4,-6.279608476180648e-4,0.00406538556495228,2.565803763330682e-4,8.80409487596822e-5,0.0028468028890257613,0.024293327070725786,0.034576483410099716,-0.004012100411882043,0.0011310400464992557,0.004336881937140364,-0.001260413709167967,0.0027163320593509713,0.0018782155982469688,-3.5473695750278103e-4,-0.0014831504826036648,0.0028050787958765313,-0.0017463716805987406,-0.0022929111376792876,1.083252294765837e-7,-1.8950147696998046e-8,5.353379878757412e-8
PC21,-0.0035652982595315514,-0.005272460505003031,-0.016979395731671745,-0.019568684199416292,-0.04512624102435021,2.109283617907362e-6,-1.1027114968563167e-8,-4.194636307498394e-8,0.009351308541782191,0.005831747201719738,0.026545324974639024,0.02021061596176058,-0.013442487077913111,-0.024801156568537656,-0.018896810489748377,-0.013250688803120502,0.008968722222412679,0.006106833249418016,-0.025100646684169965,-0.01840204557822585,0.005582153896356579,0.004024901948171135,-1.3364551995501018e-5,7.562651603343386e-4,0.02291214545473701,9.047129726443197e-4,0.022660795206669304,0.0062280832696655925,-0.008337846000635465,-3.3281147607421604e-4,-3.1220909003560563e-4,-0.0012390397790051882,-0.0017472905332382724,-7.363482040047804e-4,-3.2774077455234216e-4,-0.006581794286391763,0.003319597053431847,0.011562281598379315,0.0012908944333481563,-0.01181823327269663,-0.010038873085224258,-2.728891724616456e-4,4.229841161989827e-4,0.005543352222235289,0.006404282558087875,-0.001173354172411957,5.5559261987849513e-5,-5.315297183430454e-4,-0.001731824823631221,-1.3703030833147766e-8,1.33420292859312e-7,2.0201268224117406e-7
PC22,-0.012741239937186483,-0.008172254099308811,0.016068775160702327,0.013016731867231448,0.008972340104685988,7.81294442292836e-6,-2.419117677601564e-8,-3.777883443192891e-8,9.379489636225457e-4,-0.004918860284057844,-0.020818239374466255,-0.01195304408794129,0.009063370164467923,0.006676289154163889,7.637745712877906e-4,0.008009960793656193,0.0058344426195126595,-0.005491354432236156,0.018588893302953553,0.0046834146118089675,6.243076276001516e-4,-0.0022888786719151896,2.643316549779356e-6,-0.0020818032855748083,-2.881006842541393e-4,9.288200506124984e-4,-0.023349978590365937,0.0076204125893527645,0.004420232180200868,-1.015810967457183e-4,2.56830781382455e-4,-0.0032553612914607865,0.005234057105670657,-5.983808828518906e-4,-4.190177763916439e-4,-0.018488020871047377,-0.006069346143471981,-0.033369878710131834,0.001385593023798114,0.0031312943818346552,0.0023374171364892045,1.282063755304802e-4,0.001232726139392825,0.008149534916042317,0.013514817137024156,-0.002543066412662562,-0.0011080911539265237,-1.1731849298977975e-4,-6.710787441073749e-4,7.185139908445317e-8,-1.3341871509317827e-8,-1.3528936633679292e-7
PC23,0.010219963137486982,0.003078315196350257,0.0033045369277658696,-0.005361859567321673,-0.020111704654454395,-3.4294629961627103e-6,4.134182906352477e-8,-7.817131491413727e-8,0.002619730010604782,-0.00505451052556424,0.019916614312342238,0.008741211569001242,0.012312202188151017,0.01937857640271451,0.005946018134772348,0.005656104218130405,-0.0032112120038834155,0.005995894283976758,-0.044488232586394644,-0.021980169940936288,0.003136899899401298,-0.0025001520843654186,1.698191238586435e-5,-0.0065671560197849265,-0.016252008652013195,-0.0025261506015634406,0.020987536159606062,0.0019626673008865704,-0.004853710450358565,-8.348656537426392e-5,-8.522543364547924e-4,-8.110669016855984e-4,-0.002011468154713554,7.04860665760817e-4,0.0010715470178386988,-0.002315012473794718,-0.008678501709582983,-0.028981456733886638,0.0014794497579973058,0.01644815662394323,-0.00666946915015726,0.011298952369851642,-4.3232349219994646e-5,-0.003127987998992575,-0.0011533373308013227,-2.4774723307669817e-4,-0.0012615751264524484,1.7009975868823344e-4,-5.379833156503822e-4,-6.244037333124765e-8,-5.786976302749093e-8,7.467832620757863e-8
PC24,0.007829235003601307,-5.616251887515879e-4,0.037038056103001975,-0.005739196686622378,-0.003583771457070315,-7.261976340819968e-6,1.0222337970254018e-7,-2.8692786368276514e-8,-0.03030215768574909,-0.008268351950666086,-0.016448863086582118,-0.02391884988467779,-0.004179939105054177,-0.01597455845616298,-0.009833875244702306,-0.0019197320146424938,-0.02748815991042355,-0.016312440164747474,0.024087721099532836,7.648747082695334e-4,0.00228819910240774,-0.0048248342335291145,2.359020373149564e-6,8.593255777874138e-4,-0.013373920731142306,8.729701529846648e-4,-0.006263492048520458,0.006584289276713202,-0.011015328816150518,-5.361131684899968e-4,-4.7305638193392304e-4,4.0008627096029784e-4,-0.0014954218880470506,-1.755873596160036e-4,9.559225597475126e-4,-0.003030331295816893,0.011222730027484201,0.03404053429923925,6.713609336478692e-4,-0.003535490846828072,-0.007417458833394591,0.00698285547930219,-0.0031641949844550977,0.0015399089524177447,4.931153047918401e-4,1.3226006450977134e-4,1.514959315015112e-4,0.0016473272135125528,8.237354269767407e-4,-2.5672755231160875e-8,-6.62422010510633e-8,-2.524592016427198e-7
PC25,-0.011263781921900173,0.00496398551217573,0.010965592847731095,-0.01941687620939503,-0.030683268006234714,-8.698342075912059e-7,1.0145784304820827e-7,6.267331082971054e-8,-0.016203201853604885,0.013410474821483472,0.007074232728157985,0.012736058692833214,-0.008010180493382162,-0.008360558799717152,0.004274866985411359,-0.0038748939259340845,-0.012508808322420748,-0.006478549811370564,0.02581228950000808,-0.02014980164961479,0.0011921206941667185,0.0031809631363030164,1.7621318107505103e-5,-0.0019256378874809622,-0.021531032987094745,-4.958282521046379e-4,-0.013424800542995257,-0.005901967010866715,0.008596722110109506,-5.192474969454089e-4,-1.4867676008870659e-4,-1.3246757916479736e-4,0.004369224753081048,7.200233608010761e-4,3.8076633463840357e-4,-0.010662636195135454,-3.8120300062856495e-4,0.037227363421491605,-0.0013881847586733026,0.011432756506412574,-0.020872167964382238,9.18136174439624e-4,-0.00269460874864062,-0.010752978626867537,-0.0036246701502538653,-0.002193481383212991,7.578290723033292e-4,-0.001632906452472449,-5.406138396642781e-4,-4.4687937055074134e-8,6.685230939121212e-8,2.7890043109132547e-7
PC26,-0.001778878682068787,-0.009800062219816828,-0.010554790902521451,0.022349063771396095,0.01640826897400266,1.327608808913766e-6,-4.869328032427662e-8,-1.949084639399039e-8,-0.0018780798313117188,-6.721989518191566e-4,0.0024143123281740813,-0.009659160364952067,0.005878301040978835,0.012897944626784468,0.0017327175418875072,-5.551208831607839e-4,-0.01686803384931227,0.012593493472505098,0.02114224484846212,0.059836159247961436,0.0033146739667787484,0.003507278421078711,5.041030460764981e-6,-0.004269806058203034,-0.0018966308508732805,-4.112278847168997e-4,-0.014082499361210437,9.14657799610472e-5,-0.005676677854252308,-9.755022517408336e-5,-7.360389717213284e-4,0.0022979658578607476,-0.0019359909595252796,-3.839932129300837e-5,-4.010991448025019e-4,-0.011508726834981818,0.0014416605049579398,-0.0392563507174427,3.5783446774564204e-4,0.0017729348235153704,0.0060289805252510134,0.006105532508458621,-0.0024635079818866937,-0.0013868460500407976,-4.486570824860556e-4,-0.0013153711057230257,0.00475258120790816,-3.6868974399512295e-4,-0.0010080956809706055,-1.7829328493754699e-7,1.1438245403466816e-7,1.4852488043797747e-7
PC27,-0.004912129867376313,-0.0010009053865514257,-0.002365518979992336,-0.01324832092501229,-0.019723360176595768,7.375112558831238e-6,6.524021014827022e-8,-2.8682284489839778e-8,-0.009847746208080894,-2.698977490581369e-4,-0.014088625855552228,0.004286040251640491,-0.0011265658473393135,0.005570445990533594,-0.011567328525620684,-0.005945586420889876,0.002668131181303181,-0.006599505956917063,0.0012847496590040184,0.0013926687776400883,-5.414068343384139e-4,3.5004160277294537e-4,-9.165279403489909e-6,0.0015889974927454536,0.02955199217640827,3.500811371907236e-5,-0.01301108050179027,0.006572360253156028,0.007783699337909999,-0.0014897813297536048,-0.0029458282338804802,-7.745305085258719e-4,-0.005234726069804216,-2.048812542739664e-4,-5.95959597758151e-4,-0.0043536061681384505,-0.006764982752850464,-0.010039418097289848,-0.00532507508597427,0.008312328187949915,-0.002972164543513161,0.011591294609453885,0.0033103221042723313,-6.9196458711252e-4,-0.0041082013384743515,0.003607707934524074,0.004874040812027932,-0.0012409992746796445,-0.0021277079486450253,-5.896349744796643e-8,-3.456420366742571e-8,-1.1309898829188016e-7
PC28,0.0028786655568140314,0.004007866242589858,-0.005786500472475918,0.008845487502193734,0.01652559025334509,-3.067551439756428e-6,-4.357215426123491e-8,5.844664198616799e-8,-0.004213800811747099,-0.01447724590889814,-0.01112757838528317,0.012817473849404373,-0.006907658204633473,-0.010259934941200761,-0.022612958402237055,-0.009059286499889893,0.011452033337356364,-0.007345937523398964,-0.029207052931688588,-0.0014028789789458658,-0.0044762366285513245,-0.003783588581686732,-1.5054719279714485e-6,5.988568350153118e-4,0.026465715748438222,0.002178722958001791,0.012928819985311594,-0.00440088185813057,-0.0014574046972849987,-6.337552592367816e-4,-0.0010579562545121454,0.0021662886782771148,0.005188276649398663,3.726513820681301e-4,5.969791445218887e-4,-0.0026140887160493913,2.64832847358305e-4,-0.04801957132903212,3.8911760858075683e-4,0.009892022935663007,-0.014027527611930758,0.015640599619796913,0.002597340895059558,0.004362891969343136,0.004330743142273733,-0.0013015772546761226,6.336399737333729e-4,-0.0020977089303105163,-0.0012624031773708175,-1.3118289232513348e-8,3.685006473477991e-8,3.343595948717692e-8
PC29,0.008304758275689751,-0.0026454814886055465,-0.027996861961132744,0.005651094497650766,0.029977742254974914,3.2098023964252955e-5,4.39614254865737e-8,-7.053037985435722e-8,0.004173340264387949,-0.0023444764167507796,0.02830999669697985,-0.004038695056859147,-0.0020510142168919158,-0.011364640953083502,0.01708618935006793,0.004700402730948858,0.002811420533847142,0.017057558648101847,-0.012120348568018984,-0.01861442136527724,7.452131062107393e-4,-0.006183018204997819,-4.786002211658406e-6,0.00210145008106471,0.024018722628553042,1.9057316725666016e-5,-0.03448465290177273,-0.001464672326209509,-0.0010508855815402332,3.112898470461193e-4,3.414452444481718e-4,5.974680251703118e-4,0.0015273605726989698,-1.2853057657257743e-4,-2.0935424964517424e-4,-0.010719732837874637,0.01048314939331963,0.013510707925898625,-8.199027561918884e-4,0.008004473763215513,0.001582667044791735,-0.008335201223044705,-9.834512193490326e-4,-0.013594369129292556,-0.007138484483736508,6.926886546810757e-4,7.985872812667909e-4,3.3119312637443656e-5,-0.002217148964694001,2.2773759318919073e-8,1.0017619728062944e-7,1.5167037650736516e-7
PC30,5.343932860735579e-4,0.004774886737687644,-0.11218530940761694,0.037850910441181294,0.06531187662346512,6.350275390561464e-7,1.4988626385915648e-8,-1.8890545373998832e-8,0.004620554539691207,0.003377352758980467,-0.023211397718410097,-0.007030119224871695,-0.0012055796338539533,-0.0016568593368350443,-0.009967014345382667,-0.004583646793885519,-0.0030419473592727315,-0.013598676682053501,0.0026328371409151266,-0.0038288968870783145,-0.0024873598440039875,0.0025901468725682344,-1.8835793649220164e-5,-0.0028147081099706016,0.0012109093153724326,-0.001138238290440245,-0.012074573438000835,5.398500702534721e-4,-0.002434049640426561,-3.370217035077798e-4,-0.0011260893624394615,-0.0010965387125554272,0.001132688297599328,7.967512875042073e-4,0.0011974966319146013,-0.007194874884610285,-0.0019025129875346106,0.041106356315451446,0.001239318631233977,-0.011284349096718889,-0.005095633907677315,0.006796104201633886,-5.869986654462335e-4,0.003072081003802672,-0.00273178221662698,0.001043421632640679,-0.001474888160493018,1.579371068129519e-4,-1.4215684866468245e-4,2.3830701174955003e-8,1.450239950327231e-9,1.0852523126732342e-7
PC31,0.01256355995096744,-0.015122904349989856,-0.03038941265694154,-0.007769943123898685,3.7072711355176364e-4,-2.329175046050523e-6,5.13045631748538e-8,-5.018079605191229e-8,0.007446358379154054,0.012125566600761393,-3.89352215801014e-4,-0.015628146596567426,-0.0073609031690673975,-0.010794367738797666,0.0036342163529561387,-0.001228255582301124,-0.006909945332215972,-0.004167193912059514,0.014083332137926695,-0.04805229761276756,-0.005163743195955471,0.003653765331039536,2.445157966709551e-5,2.719300035718255e-4,-0.0031414563060417795,4.3200487101045066e-4,0.030557567690545226,0.001582636076502452,-0.004867416764032439,6.375105302194529e-4,7.131683032081769e-4,5.101727732150087e-4,0.0036902411224512908,-2.0229112460860645e-4,-7.71480924057566e-4,-0.008778624905985221,0.0010792592406275562,-0.05793529021075495,0.0013285322059148803,0.00905226187374357,0.0047145964102960096,-0.008950811590974592,-0.0010775291922171016,0.0031322888189865106,-0.0025005796957140746,0.0014489371766161006,0.003354548547939546,3.986142662899242e-4,0.0016967225187250873,-7.493076121957514e-8,-1.6699697417339546e-7,-1.1272855495850212e-8
PC32,-0.009139174136558964,-3.507296204533742e-4,-0.04322313052606426,0.027423331001363647,0.04571780023665405,-1.5365208903791792e-6,-2.3836948099887117e-9,-1.7848005901078603e-7,-0.01710654521141026,-0.012811829386655793,0.019784802543131096,0.0018045786601701154,-0.0049201112808868385,-0.011356735706005962,0.009817356073691023,1.8790404737891985e-4,-0.006522220295465415,0.007829916464511715,0.023483960454399842,0.0035998351013864717,0.003816218247778452,-3.487165194456554e-4,1.1532597875852383e-5,0.003542885527180433,-0.022612469092963734,7.036053702298678e-4,0.033360464772021904,-8.767223056331284e-4,0.002267615628127069,-6.361393756697524e-4,4.997180613966434e-4,-4.708131139455012e-4,2.223447143496853e-4,-1.626238912669552e-4,-1.2599210635143258e-4,0.01937966968837995,-0.003306390497547927,-0.001072201263280825,-0.0031071236366925483,0.007946001006026052,-0.009344233774064606,0.0024948309696313127,0.0024234378137544016,0.0024604086914493725,0.008321995757644847,-0.0019184772976841627,0.0014999931997715654,-6.629419438527872e-4,-7.185995656026011e-4,4.4892094161602696e-8,-7.25480854447788e-8,1.8984615374482245e-7
PC33,-0.006126758225456494,0.004977501636503792,-0.029049827569011644,0.03576771368531212,-0.0038574086221549934,-1.9268435119016968e-5,6.938449274015016e-9,7.301967080424544e-9,-0.024030501795040828,-0.02131419458483817,0.022844286716513666,0.045623332918272086,0.003262686060986759,0.005062478340158027,0.0022108490887777933,0.002960316936116743,0.01678053826540594,0.012544939845623564,-0.0019862566095886877,0.009404612774490005,-0.004639966805233185,-0.0014254914517921042,3.752718335686787e-5,-4.308073131054053e-4,-0.011080453971333355,7.997606796526767e-4,0.02172347857642888,0.003701950544549957,0.002314184794277704,4.379945746958665e-4,-1.4511162235087722e-5,-0.0011012125378714857,9.487000479415639e-4,-7.824797332643131e-4,1.406353319091871e-4,-0.004732452330463765,0.0029326585537245687,0.027106148155737957,6.351026395319613e-4,-0.004099373960092942,0.004272273713034072,5.837310996286468e-4,-0.0033532105974656305,-0.004509893933108308,-0.005368690679246217,0.0014184236576487296,0.001254999844593763,0.0010084865254243389,0.0014997394488813654,-1.6123976688145706e-7,1.6471033534003396e-7,-3.336571008402386e-7
PC34,-0.0013535231146838758,-0.003679854593184272,0.03056072142787542,-0.021306308957171484,-0.0012181563936167026,3.030746189451529e-5,-5.105112242402502e-8,-9.221329386675701e-8,-4.745317016819545e-4,6.695632967865619e-4,-0.0069898694259414905,-2.05134912256139e-4,-1.036944937006369e-4,-0.006258355696591907,-6.973840918757472e-4,0.002579498670038923,-0.005201334805960768,-2.1979870843286668e-4,-0.01561387287817948,0.028163913359353976,-0.004364544087079413,0.004392214736578138,3.172535342104593e-5,-0.0018121338227583927,-0.004197249736861117,4.7684109224274354e-4,-0.019564536492030375,-0.002150796847721861,-0.00478696825463725,3.728893561549074e-5,-1.0203160470772854e-4,-1.3757015333637102e-4,0.0033620044835764007,-7.283171335375327e-4,-4.5802186277187784e-4,0.0072363189875776085,-0.004029271088846006,0.04918059519855775,0.0024072418640895973,0.0020497996613194204,-0.014189923629139706,0.009495810017481975,0.002838131140392436,-0.005230839714124163,-0.002930574461757834,0.0011094212409646545,-0.0017925890001423772,1.5676166905218534e-4,-3.1559982279103903e-4,-3.919840910216875e-8,-4.000458754955787e-8,-3.33350967243542e-7
PC35,-0.013952021169669218,0.01463722272980621,-0.04450427510907989,0.05051649741098298,-0.028885914201498768,3.683457706731769e-6,2.268105236249824e-8,9.437056271731001e-8,0.003971142260347241,0.0348945148680773,-0.023522304275146066,-0.02318870758231935,-0.0015403597165805582,-0.004420943611126828,5.972474791782894e-4,9.168418221868267e-4,-0.006998955710631568,0.0042980331604133325,-0.03783908089573738,0.02244257135387235,0.0015150925603933953,-0.0012073043822867213,1.1584261724390225e-6,0.003678985362186943,0.01692810159008747,-2.0781486112700438e-4,-0.0026693132271938457,6.470819814886655e-4,-6.344085114987159e-4,4.1811523226489416e-4,0.0016585738172026658,-6.112579187637807e-4,-0.001186912726218736,-5.092603738047569e-4,-2.766502948721005e-4,0.005638313782793576,-0.0032335674012086693,0.006060631423320975,0.0014482971642629943,0.01776953782892504,-0.016331590994909974,-0.007612730803468131,-0.004570774294426794,0.0012063871160588675,0.003950615034241313,-9.259280383688053e-4,0.0031284079467992195,0.001005418229036959,7.76396156095899e-4,-8.466600040261132e-8,-6.762109960903773e-8,-3.8278914189427966e-7
PC36,-0.007470988649468414,0.013995686483350459,0.030677997334490364,0.0015395517968657443,-0.012623096551984554,1.0835820989231558e-6,1.3707657551401474e-8,-1.3066462814591073e-7,-0.013836061553911904,-0.00147368356558169,-0.0043171449871710526,0.030966907580198565,0.007455279614844806,0.022436175204873295,-0.013257786228561417,-0.004161081187562251,0.004511028924339348,-0.006585982826100129,0.004760342661171244,-0.010869630474362353,-0.002020690488627201,2.713558049294108e-4,-4.431555728720112e-5,-0.002576665887923906,0.008584762296908889,3.5194991196369846e-4,-0.02394427881843281,0.0023808405133762156,-0.00221386893558955,6.868605108421367e-4,8.167939503793144e-4,-1.3524060099876537e-5,0.005107077947185827,9.459517925823411e-4,2.1545983021133768e-4,0.012073595952416348,-0.0026496633593192267,8.071407645623399e-4,0.002450356789807319,0.001498340675204794,-0.002330861470274984,-0.01275656447662903,-0.0014123333152075762,7.543308476465958e-4,-9.669699987932476e-4,1.57242824031395e-5,0.004208264621037509,6.607516342883775e-4,-2.5653621859037006e-4,-2.506002041963435e-7,3.4049512757725076e-8,2.7839679054467987e-8
PC37,0.001025065623422582,0.0020715678749260876,-0.028552591199073708,-0.026043958910806693,0.016387885765201518,5.373533853664973e-6,1.60044859263963e-7,-2.0376499610543843e-8,0.003835228781842845,-0.005407091596110533,-0.023045692498385915,0.016504784168309753,-6.215276208545883e-4,0.010641105349691874,0.0018310349979159303,0.0027400207002506124,0.013745579867426179,-0.02245932853906256,0.0041369860238205545,0.016707071086908446,0.0028178521657755713,0.0018397321605182887,-4.598875268125361e-6,-1.9709175142060704e-4,-0.017445739991017874,-4.5033821260586233e-4,0.02824785025751891,0.00221895041781688,-0.0011006868853765197,-2.4368649840709756e-4,-3.630022812925941e-5,0.0013668919728071474,-8.005635454555457e-5,-1.8362902797471173e-4,-2.1352492076713567e-4,0.0019647170928730282,0.003458875680694682,-0.028264461378752864,4.250102418323459e-5,0.013244502189094969,0.0016433396673891435,-0.009800594086816444,0.0032733748641110482,-0.005793311012258504,0.0016514074189507935,-4.934230100955596e-4,-0.0034222258776861166,-0.0012032132431714791,-7.071945171520473e-4,6.74239422052117e-8,1.848238867893341e-7,-7.51942313536715e-7
PC38,0.01882453012120585,-0.009649450569797364,0.026598363731886593,0.03791686868941315,-0.005515876867303009,-6.265606280602959e-6,-6.514391888126415e-8,-1.0005627439273909e-7,0.040213029656747896,-7.482125636732179e-4,-0.03879085773612633,-0.032287977425621894,0.0025262959492704422,0.017599139523899902,-0.02280861852129048,-0.008150167376726988,-0.0017943885485167932,-0.01673500238195206,-0.0052313412375273975,-0.016724873191941266,0.0020215811105790474,-0.001207066023162489,1.8321675612994186e-5,0.0018324804243534027,-0.03165395101540255,8.148860689665977e-4,0.015596270639749553,-0.001589944652067537,0.004869391239877752,6.330842300195103e-4,-0.0013481172537885306,5.437304386294238e-5,-9.748574821248674e-4,-3.728747753183857e-4,1.799996477093394e-4,6.77258343128822e-4,-0.002004217719341252,0.028786965417983982,2.7681883653031704e-4,0.004922682398444943,-0.004440265968587142,-0.004101561400187646,-0.0021563550232609184,-0.008635423416430131,-0.0012102342074825827,7.105268863873113e-4,9.93043747663465e-4,-6.576017464827954e-5,-1.957608615681262e-4,-3.6682600793227446e-8,1.946313689856512e-7,2.7979408533069854e-7
PC39,0.02786641956089656,-0.02390054982345905,-0.013274860973832054,-0.04116369943416697,0.03812960246427814,-3.0505334327990845e-6,-3.779435141887601e-8,7.170504540165042e-8,0.012564259479633428,-0.014600769936756807,0.016395828699861937,0.0026937487368481716,0.003957258079355159,0.02321885004890133,-0.02462925105357749,-0.008438731166265605,-0.00457821018863609,0.020653581123247382,0.02656872377915836,-0.021069561687518133,5.907457718563748e-4,-2.3884225609656523e-5,-6.0180481108051896e-6,-0.0015308594444247514,0.03957387306577823,-4.355689393992641e-4,-0.012412849033411538,5.933798170393151e-4,0.0018158426081856084,4.771130197412693e-4,-2.536174582252581e-4,-8.047579512424955e-4,-7.256497476466117e-4,-5.471878789525296e-5,-3.4694938836182565e-4,0.007949129233396532,0.0012064747282586109,0.022311340396595925,8.000436321234397e-4,0.01045588829559517,-0.014190222594424982,0.0030428619548587285,-0.002691500058253711,0.001593444185255109,7.01333697075895e-4,-0.001387603033777978,0.0020162239381889976,-5.7275415218771505e-5,0.0020079380868302326,7.54678796438819e-8,1.526645026288677e-8,-6.145159006141332e-7
PC40,9.2133304661147e-4,-0.0020048718895820674,0.014405453519295768,0.03919912996596797,-0.018267000563905237,-6.808210593906984e-6,-1.2941065443358027e-7,2.667926142483736e-8,5.284861912257543e-4,-0.014064343525310444,0.022400254309494924,-0.00713618882334949,-9.115377537273355e-4,-0.01430791868516601,0.014291543521324581,0.008015068247827268,3.815150896469118e-6,0.0018777897952375125,0.028147037965752988,0.008737707763556035,-0.0016132762688627809,0.0012702866272770847,-2.185962154469855e-5,-0.001579455140288944,-0.0062353899105923845,2.3723273404586555e-4,0.010234011059793042,0.0036404283351792834,-0.001978445956085333,-1.2738075714450602e-4,1.0231325005277755e-4,1.3625143974466876e-4,-0.0022204669051379155,5.733653024233534e-4,3.4698906942111997e-4,-0.006861710213322564,0.004207218286372948,0.010389543591401693,2.573676138503722e-4,0.02843008915887324,-0.02389282300290687,-0.009662700868895206,0.005048171160207721,0.00713620113899811,-5.369195488445402e-4,0.0023752173590660306,-0.002849234701889758,7.974588211661483e-4,-5.047273674974196e-4,2.3207262823261078e-8,3.290722387923136e-8,2.787436656113358e-8
PC41,-0.014613069378856178,0.012113686741282575,0.0039749714360648065,-0.036271731366696175,0.03481993283041951,9.631154305376946e-6,-3.3324194286324576e-8,7.125526758101665e-8,0.03635152586661329,-0.046774999671299514,-0.0020426607237321076,0.011135233102631464,-0.001429242235171878,-0.015882564574478418,0.01506108319140758,0.0017556409712181848,0.024297184668959925,-0.02181342557443065,0.0027590884897284646,0.004331327365489388,0.002793077064942115,-6.681723067819615e-4,4.104314682357742e-6,-8.850480850464299e-4,-0.021227323508415906,-1.3897699957189612e-5,0.01141067883917708,2.4780967234925937e-4,-0.001353766116757811,6.995440898211881e-4,5.262340236316446e-4,-4.5303730590497636e-4,-0.0028303993648467365,-1.396430204657339e-4,3.924966379705418e-4,-0.0035227064846214172,0.003051402307733182,0.02229677886541194,4.468481199973443e-4,0.0015126648568662454,-0.0035611551915304407,-0.001647386065748717,2.819888097043886e-4,-0.0018425842575136848,-0.0041943870938186524,-8.131322041555562e-4,0.00436645267154153,-4.6219772663408176e-4,0.002017294913024251,-2.543214211849413e-7,-1.4506903997292073e-7,8.681202723168679e-8
PC42,-0.017581220151104655,0.024136278597664058,0.02170128652300052,-0.06021117697357249,0.05879906117183199,-2.504638201528396e-5,-4.331616240179301e-8,-6.70448844822597e-8,0.013146000996858762,0.02264698801142974,-0.007924977508817557,-0.017597132884429545,-0.003898441036318585,-0.020446304212245837,0.029360928073761988,0.006288897114030648,-0.003907597227077327,0.005864201804758799,-0.0035146138110962225,-0.011836548755960748,-1.4159928555472592e-6,0.0010470887936215587,1.7383225786940375e-6,4.424454608672113e-4,0.04380524096866358,-7.972523810760713e-5,-0.024302094822455312,0.0020764077618586263,3.080648852006436e-4,-3.810048235083369e-4,-6.060343383884468e-4,6.0057614889248043e-5,4.183932670184612e-4,-6.820159585520216e-4,8.129070046965777e-4,0.0013759104212552062,-0.0017624535814610173,-0.02037522239971798,4.122411586363054e-4,0.0062350953237062835,-0.00416375698727888,0.0038856867866019626,-0.002647733474220066,-0.0057155410015093935,0.006906523807572415,0.001200784490846005,-3.9202593219201195e-4,9.593575444582604e-5,0.0016657324922140688,-3.608872405585012e-8,1.3807370540401143e-7,-3.237494193019414e-8
PC43,-0.02069136838757129,0.015949666614687826,0.006065895091037807,-0.05554285836411895,0.052606473379068125,8.923106671589253e-6,-5.2417560379515566e-8,3.0998555201733224e-8,-0.01904846870591439,0.015407314498795345,0.003859354550168739,-0.0047973563371220196,0.009673196339047738,0.02430347024452629,-0.031537550412750325,-0.014157030797981102,-0.014774109752500849,0.014356165925868492,-0.010802523769400085,-6.501234005846694e-4,-0.001419674565160814,-1.198329045019592e-4,-4.513830291506167e-6,0.0019313145718328332,-0.056568272884693245,2.945981840085479e-4,0.04248932715411592,4.995468950395891e-5,0.0020809050400980317,5.380959047787654e-4,-3.487182100439361e-4,7.074168319319479e-5,-0.001455591898372586,-5.382754521612686e-4,5.58052117154407e-4,-0.00948067001220247,0.0024078124680797642,9.302403934010939e-4,4.797097271024115e-4,0.004853574094723753,-0.002004881071311202,-0.007459086476276833,4.3220674680052623e-4,0.0029874662512208144,-9.2533546169071e-4,4.7163326266504916e-4,-1.0378152075158174e-4,0.0028790753776443685,-0.0033633913010504795,3.748647634632049e-8,-3.077267717284775e-8,8.752980388381275e-8
PC44,-0.004685003062331929,0.003119699331857747,-2.8550483033163177e-5,-0.02241732561619242,0.02777626870559441,-5.096695119664346e-6,-2.905758005897467e-8,2.5220448275916677e-9,-0.004428294530875443,0.004705962730660893,-0.012761620944716749,0.009252127168355507,-0.002071954708775645,-0.005375155945492235,5.100639442715502e-4,5.969923634514408e-4,0.011765679705450924,-0.009103192991456888,-0.007785453869426251,0.005326327590260308,3.3393634614688195e-4,-0.0013317973813286674,2.0096298848821424e-5,-8.163123981129096e-4,-0.0012685745068567631,3.870898614475806e-4,2.7244281378683937e-4,0.003643763903379145,-0.003029600230345786,-4.972051602378848e-4,2.678928621162365e-4,-1.592257038026549e-4,-0.0015889638331925886,0.0022674855208240094,-0.003592704166368689,0.0010401400499820694,-6.742710113862495e-4,0.013496760434708955,4.479946280471851e-4,0.004115115440100474,-0.003351076141501438,0.001326057884661048,-0.004885844992043711,0.002883285930380909,-7.607770087644631e-4,2.110056967718077e-4,-4.006159123599704e-4,0.0028809930499455296,-0.002020701383247652,1.336060950219967e-7,3.893071821005775e-8,1.855453433619934e-7
PC45,0.017269980507919672,-0.013894032857484025,0.007981019404633513,-0.009540070530335908,0.03508074714664514,1.2784709943182698e-6,-2.0901469935781288e-8,5.480334885095931e-8,-0.01209594789655189,0.03803485749243722,-0.012064990751827943,3.6385712325695524e-4,-0.006760200839174382,-0.00774980654613301,0.010292051665440031,0.007024748198615291,-0.008407533717137953,0.01262103121358178,-0.013410982951035065,-0.005181407309729534,5.262849546987452e-4,-0.00185446930923914,-7.639596886112215e-6,7.203807424943572e-4,-0.04496593078357055,5.56498794333791e-4,0.011015390115558552,0.003777865872586598,-9.380778455695713e-4,8.060067237738736e-4,-1.7951212345140643e-4,-5.745430158939993e-4,-3.2815624000392366e-4,9.75444854667183e-4,-5.703279653397227e-4,-0.001531255595198867,-0.0056131856973063495,0.018441089727467504,-0.0010370894800040987,-0.006830785447260473,4.688251270650714e-4,-5.476102499442786e-4,0.007468504270152532,-0.0030322037424844834,0.004269198593539679,-2.9286030468121156e-4,4.0196612906322625e-5,-0.0036083803012924905,0.0035450605309230963,-3.866966796649829e-7,7.198970201394929e-8,-1.116849178879945e-7
PC46,0.015682047063420954,-0.011912347636684579,0.0145172373187932,-0.004739390787634808,-0.0030651684663951235,7.233734693810159e-6,-2.3020923155989813e-8,2.5997563682498673e-9,0.006295494376376789,0.007387238498996658,0.0020401021395169126,-0.005407186390215594,-0.011455145695138967,-0.02161291571563051,0.026030204464188536,0.015489228660473515,0.007859547673743047,0.001347328459168525,-0.004111748078321473,-0.002759621866297193,-4.7872308631462154e-4,6.411984598215699e-4,-3.08223760483887e-5,-8.052935496797675e-4,-0.0513298966863593,2.5300978793171803e-4,0.029689186641575604,-8.448426495018553e-4,0.004840063663392413,-7.034809486102201e-4,2.730043362876214e-4,-9.515670877206794e-5,0.0020650470636926965,3.900178812973212e-5,7.7610141153706e-4,0.0015862911015516678,-0.005371715812027124,-0.008882303272131506,-3.3429966891221623e-4,-0.005738189539910295,-1.2156208001121591e-4,0.010787986474315758,-0.006581771881604066,0.008662670693423472,-0.007207894716095148,-1.0627974359295097e-4,0.002689897378834863,0.00407201346059701,-0.004726558132233527,2.4346510405741797e-8,6.679069252527168e-8,-4.3819070675053255e-7
PC47,0.02447929865986966,-0.025362737856953622,0.0068608071202148424,-0.023759460963562695,0.027332738558383477,-3.0436089153720175e-6,-3.808005807872363e-8,-3.9462611686768145e-8,-0.03672082836239278,0.025095908516742337,-0.011522741268985512,0.031218533096849996,-7.747967543739001e-4,-0.0017121365670614154,3.6755921133846474e-4,0.004045994852197054,0.027921582538315688,-0.01749190540706263,-0.019478447906878905,0.03260282168906828,0.0020175929734994598,3.6402242349896184e-4,7.184408653128188e-7,7.629116582586966e-4,0.0067896850674653625,-2.954088603492766e-4,-0.010960775293685865,-8.443128674262418e-4,0.0014907140824241458,7.04728814579449e-4,5.737612450331996e-4,-1.5195806897740793e-4,-0.001079705714411819,-7.625984961533381e-4,0.0010013851964137562,-0.003534472508070096,4.896109846671546e-4,8.20123603111107e-5,4.1728309953003135e-5,0.008273527213351096,-0.007285363522820309,-0.007594409255563171,-0.0039447556509251925,0.008470393305551821,-0.0065485655315702445,2.8980808258134006e-4,7.313344610516222e-4,-0.0014675195039160532,0.0026444893575264927,1.450083228409299e-7,-6.405554049452753e-8,4.2870933058931125e-7
PC48,0.014360109710384305,-0.014684242528735032,-0.00602060423601041,-0.0027603414765584354,0.01345979294685758,-1.350651507471035e-5,2.8007537453993596e-8,2.525602153886024e-8,-0.002431075504612162,0.007354093007344238,-0.012043308696183095,0.008238273464745625,0.003811946342015385,-0.00704181854396665,0.0028776145420820725,-0.005788938903010001,0.006243420216042776,-0.006736621088594737,0.0019248083856014554,-0.004038896587387545,6.115050151501337e-4,3.1980565099364243e-5,1.8522001679786e-5,-1.9910794620364772e-5,0.03480646760074075,-3.7478369300412734e-4,-0.026177196090613815,-0.003241317718138154,0.0011204907447265986,-6.710310915323066e-4,0.0025872285002504487,-4.46190533635674e-5,-0.0012102548093960211,-4.1824867112367126e-4,3.7744205645206744e-4,0.00167551468952706,4.2982573903793604e-4,0.006736047708922026,-1.9495423342796349e-4,6.365555637826807e-4,7.524196591839632e-4,-0.0036908765670556638,0.007187608326708427,0.0013480406014844547,0.003124998797897628,-9.16936648791811e-4,-8.768795991969232e-4,0.006505501575962037,-0.007188254114768037,-3.191798070351861e-7,-2.1012086736756604e-8,8.165677592811643e-8
PC49,-0.008919401510387342,0.008074189455125242,0.0013545515232655722,-0.0017480035073264137,0.0031701235881510456,-1.701049209136771e-8,1.6433243848505213e-8,-3.552181183865121e-8,0.006940139232549209,0.005122083808913331,-4.2699692482511456e-4,-0.012200475314537195,0.0048074865546130375,4.605464628544845e-4,4.2872623644253486e-4,-0.003652155482993818,-0.006556696645725949,0.0027061477140249333,6.850102446861523e-5,-0.0095317454709714,0.0020713977178304054,-8.984048092231804e-4,1.1376817918898154e-5,1.7071526836822133e-4,0.00804455951729916,1.7735547848793176e-4,-0.008080577754620007,-0.0010480062492232553,0.0013887766792873455,-0.0013467298977596985,0.0015641361351335491,5.038963950600201e-5,3.486089403997296e-4,-1.085017933237185e-4,-2.6492218701814376e-4,3.809598764374729e-4,5.99147212035903e-4,5.528706070124108e-4,1.7271085429391707e-4,0.001277602844450163,8.3300040671801e-4,6.171228283755979e-4,0.0021416493458382303,0.03806667425904964,-0.03736242330093817,-7.493076882947312e-4,-0.0010564059101454315,-0.0016121531167601984,0.0014938184317412296,-8.440555579193972e-8,8.267159197471096e-8,-9.272922018678461e-8
PC50,-0.003314942028254453,0.004012108876733257,-0.0028126122137006934,-4.3393705815558047e-4,0.0052189847054666385,-2.2057246266601682e-6,1.0327631184139429e-8,1.1301612990140194e-8,-0.017416976285693248,0.016765615308009067,0.07438052265452384,-0.07365027591138995,-0.002801044027936817,0.013159677596427846,-0.013185558112204515,0.003530142971340384,0.03062393811969729,-0.02544928297670906,0.0014389608040015793,0.004502380688677494,-3.8517240984302714e-5,2.2656018474921414e-4,4.288360226926643e-6,-2.2615556787330789e-4,0.006743491102522289,6.419956991796311e-5,-0.00654204059900549,-4.1287670268122506e-4,-1.3355125156382496e-4,0.0022482245375508663,-0.0030420478811638806,-8.168294638341863e-5,7.325236585724129e-4,9.407601027252671e-5,-1.5670644850032233e-4,0.0028084438211415774,-0.0023864108533412313,0.001777911378031951,1.2118248174014268e-4,-0.0020588788496160586,9.910929760650674e-4,0.0015477202228742057,0.0013822441082879749,-1.573952356011062e-4,-0.002344549952259624,-6.340079268437692e-4,3.921722161762801e-4,6.288182438483559e-4,-4.1303355269773246e-4,-8.195248620536225e-8,3.143906091905181e-8,-1.2379577354217102e-7
PC51,-0.005945598351977309,0.005195114801415734,-0.0018328055664697533,-9.600401806720135e-4,-3.328370754689679e-4,-3.851658230128977e-6,1.3605935191443095e-8,-6.937555775092308e-9,0.006236253540632701,-0.008629868214405721,-0.02340032768430911,0.02612324090377382,-0.03053213815877786,0.018494490680920597,-0.018953486535114344,0.029809197780766277,-0.01371597595895892,0.010005189342312494,0.0010017552797177334,-4.027403409851309e-4,0.0011946477465572018,-2.0359192058563066e-4,7.419124632025686e-6,1.95936262352356e-4,0.013893367782792624,-1.7974191115512157e-4,-0.01053932855076794,-9.545499549033407e-4,-2.9121992422454293e-4,0.0037869312034536353,-0.005100777801834088,1.7992206899320376e-5,-1.1929968910254519e-4,-1.2409161879564122e-4,3.2887233831819764e-5,3.2446013241911966e-4,0.0011022183281920955,-4.473105236609032e-4,1.384524729170003e-4,0.0011183938518938038,-3.3659299893876144e-4,-0.0034146636843528705,0.002025961720012731,0.008816789313803527,-0.0055082765839996285,-5.858000008390164e-4,-1.8144068188095358e-4,0.0016430325035188926,-0.0017815311300243405,1.5374327175229535e-8,-3.518112454654186e-8,9.875251015831277e-8
PC52,-0.0025659249771804076,0.0027190735675373117,0.00145572521692549,-0.004588637163468358,0.009635447348104929,-3.919024819093001e-7,-1.3821277326892438e-8,-2.8288905717296826e-9,0.003005070172754693,-8.727738554351967e-4,0.015389155673609269,-0.012504541253070212,-0.02451412693297449,0.03988349918675185,-0.035584807352701725,0.02511021756429614,0.00416319911929883,-0.0023617804516250737,-0.0014944366624926881,2.976280967007999e-4,1.221420304674564e-4,2.579372080898966e-5,1.7524123356743425e-6,-2.6273421028032693e-4,-7.744971180196639e-4,-5.112398469419911e-5,-0.001203368186369587,1.2336341474377747e-4,-3.563764255012e-4,-0.00446665806927976,0.006117618036368194,-3.6827811251710995e-5,-4.92915550540197e-4,-7.834941003984322e-5,1.6126867521217125e-4,-0.0023572128726601057,0.0010443439343791796,0.001331594815116696,2.597648312881807e-4,-6.74502856877499e-4,1.1773945363006125e-4,9.96488202634328e-4,-1.8208464077923767e-4,-0.00580270485430621,0.002928852580578722,7.429540852476693e-4,2.149811327814207e-4,-6.827369385664769e-4,7.84008455651274e-4,-5.152900117850107e-8,-3.904642498923935e-9,1.016348444742151e-7
